fund_name,year,month,average_nav
ABSL Frontline Equity Fund - Regular - Growth,2022,1,310.2722
ABSL Frontline Equity Fund - Regular - Growth,2022,2,311.1672
ABSL Frontline Equity Fund - Regular - Growth,2022,3,305.8103
ABSL Frontline Equity Fund - Regular - Growth,2022,4,307.3698
ABSL Frontline Equity Fund - Regular - Growth,2022,5,306.4016
ABSL Frontline Equity Fund - Regular - Growth,2022,6,315.3872
ABSL Frontline Equity Fund - Regular - Growth,2022,7,325.4926
ABSL Frontline Equity Fund - Regular - Growth,2022,8,329.8225
ABSL Frontline Equity Fund - Regular - Growth,2022,9,320.1043
ABSL Frontline Equity Fund - Regular - Growth,2022,10,310.2841
ABSL Frontline Equity Fund - Regular - Growth,2022,11,329.8188
ABSL Frontline Equity Fund - Regular - Growth,2022,12,341.2585
ABSL Frontline Equity Fund - Regular - Growth,2023,1,346.5104
ABSL Frontline Equity Fund - Regular - Growth,2023,2,353.1664
ABSL Frontline Equity Fund - Regular - Growth,2023,3,350.6683
ABSL Frontline Equity Fund - Regular - Growth,2023,4,359.5624
ABSL Frontline Equity Fund - Regular - Growth,2023,5,364.0178
ABSL Frontline Equity Fund - Regular - Growth,2023,6,338.6028
ABSL Frontline Equity Fund - Regular - Growth,2023,7,336.3953
ABSL Frontline Equity Fund - Regular - Growth,2023,8,343.4518
ABSL Frontline Equity Fund - Regular - Growth,2023,9,356.9496
ABSL Frontline Equity Fund - Regular - Growth,2023,10,379.1576
ABSL Frontline Equity Fund - Regular - Growth,2023,11,377.4879
ABSL Frontline Equity Fund - Regular - Growth,2023,12,384.2952
ABSL Frontline Equity Fund - Regular - Growth,2024,1,399.2102
ABSL Frontline Equity Fund - Regular - Growth,2024,2,405.6997
ABSL Frontline Equity Fund - Regular - Growth,2024,3,420.5963
ABSL Frontline Equity Fund - Regular - Growth,2024,4,410.474
ABSL Frontline Equity Fund - Regular - Growth,2024,5,436.7962
ABSL Frontline Equity Fund - Regular - Growth,2024,6,446.1404
ABSL Frontline Equity Fund - Regular - Growth,2024,7,433.2893
ABSL Frontline Equity Fund - Regular - Growth,2024,8,421.5311
ABSL Frontline Equity Fund - Regular - Growth,2024,9,434.5145
ABSL Frontline Equity Fund - Regular - Growth,2024,10,427.2909
ABSL Frontline Equity Fund - Regular - Growth,2024,11,449.9358
ABSL Frontline Equity Fund - Regular - Growth,2024,12,457.2508
ABSL Frontline Equity Fund - Regular - Growth,2025,1,461.9963
ABSL Frontline Equity Fund - Regular - Growth,2025,2,457.0209
ABSL Frontline Equity Fund - Regular - Growth,2025,3,486.0117
ABSL Frontline Equity Fund - Regular - Growth,2025,4,492.1029
ABSL Frontline Equity Fund - Regular - Growth,2025,5,520.1787
ABSL Frontline Equity Fund - Regular - Growth,2025,6,528.164
ABSL Frontline Equity Fund - Regular - Growth,2025,7,535.2537
ABSL Frontline Equity Fund - Regular - Growth,2025,8,566.6787
ABSL Frontline Equity Fund - Regular - Growth,2025,9,570.0305
ABSL Frontline Equity Fund - Regular - Growth,2025,10,574.2503
ABSL Frontline Equity Fund - Regular - Growth,2025,11,574.243
ABSL Frontline Equity Fund - Regular - Growth,2025,12,562.422
ABSL Frontline Equity Fund - Regular - Growth,2026,1,595.0794
ABSL Frontline Equity Fund - Regular - Growth,2026,2,660.8941
ABSL Frontline Equity Fund - Regular - Growth,2026,3,733.871
ABSL Frontline Equity Fund - Regular - Growth,2026,4,773.5203
ABSL Frontline Equity Fund - Regular - Growth,2026,5,779.0825
ABSL Liquid Fund - Regular - Growth,2022,1,311.6351
ABSL Liquid Fund - Regular - Growth,2022,2,313.668
ABSL Liquid Fund - Regular - Growth,2022,3,315.9831
ABSL Liquid Fund - Regular - Growth,2022,4,317.6644
ABSL Liquid Fund - Regular - Growth,2022,5,319.2226
ABSL Liquid Fund - Regular - Growth,2022,6,320.094
ABSL Liquid Fund - Regular - Growth,2022,7,321.8807
ABSL Liquid Fund - Regular - Growth,2022,8,324.0539
ABSL Liquid Fund - Regular - Growth,2022,9,325.7172
ABSL Liquid Fund - Regular - Growth,2022,10,327.6651
ABSL Liquid Fund - Regular - Growth,2022,11,329.4477
ABSL Liquid Fund - Regular - Growth,2022,12,331.7895
ABSL Liquid Fund - Regular - Growth,2023,1,334.0668
ABSL Liquid Fund - Regular - Growth,2023,2,335.9225
ABSL Liquid Fund - Regular - Growth,2023,3,337.3618
ABSL Liquid Fund - Regular - Growth,2023,4,338.6637
ABSL Liquid Fund - Regular - Growth,2023,5,340.4614
ABSL Liquid Fund - Regular - Growth,2023,6,342.3601
ABSL Liquid Fund - Regular - Growth,2023,7,344.2481
ABSL Liquid Fund - Regular - Growth,2023,8,346.1305
ABSL Liquid Fund - Regular - Growth,2023,9,346.9012
ABSL Liquid Fund - Regular - Growth,2023,10,348.6186
ABSL Liquid Fund - Regular - Growth,2023,11,350.6613
ABSL Liquid Fund - Regular - Growth,2023,12,352.7799
ABSL Liquid Fund - Regular - Growth,2024,1,354.8256
ABSL Liquid Fund - Regular - Growth,2024,2,356.174
ABSL Liquid Fund - Regular - Growth,2024,3,358.5553
ABSL Liquid Fund - Regular - Growth,2024,4,360.2199
ABSL Liquid Fund - Regular - Growth,2024,5,361.6216
ABSL Liquid Fund - Regular - Growth,2024,6,363.6755
ABSL Liquid Fund - Regular - Growth,2024,7,365.3985
ABSL Liquid Fund - Regular - Growth,2024,8,366.6059
ABSL Liquid Fund - Regular - Growth,2024,9,368.1807
ABSL Liquid Fund - Regular - Growth,2024,10,370.1146
ABSL Liquid Fund - Regular - Growth,2024,11,372.0613
ABSL Liquid Fund - Regular - Growth,2024,12,373.8201
ABSL Liquid Fund - Regular - Growth,2025,1,375.5145
ABSL Liquid Fund - Regular - Growth,2025,2,377.2106
ABSL Liquid Fund - Regular - Growth,2025,3,378.8083
ABSL Liquid Fund - Regular - Growth,2025,4,379.8595
ABSL Liquid Fund - Regular - Growth,2025,5,381.6843
ABSL Liquid Fund - Regular - Growth,2025,6,383.7757
ABSL Liquid Fund - Regular - Growth,2025,7,385.5776
ABSL Liquid Fund - Regular - Growth,2025,8,387.6025
ABSL Liquid Fund - Regular - Growth,2025,9,389.6924
ABSL Liquid Fund - Regular - Growth,2025,10,392.0124
ABSL Liquid Fund - Regular - Growth,2025,11,394.7781
ABSL Liquid Fund - Regular - Growth,2025,12,397.5277
ABSL Liquid Fund - Regular - Growth,2026,1,399.8784
ABSL Liquid Fund - Regular - Growth,2026,2,402.1449
ABSL Liquid Fund - Regular - Growth,2026,3,404.4809
ABSL Liquid Fund - Regular - Growth,2026,4,406.479
ABSL Liquid Fund - Regular - Growth,2026,5,408.9022
ABSL Small Cap Fund - Regular - Growth,2022,1,38.7061
ABSL Small Cap Fund - Regular - Growth,2022,2,39.6507
ABSL Small Cap Fund - Regular - Growth,2022,3,40.2278
ABSL Small Cap Fund - Regular - Growth,2022,4,42.8142
ABSL Small Cap Fund - Regular - Growth,2022,5,40.5122
ABSL Small Cap Fund - Regular - Growth,2022,6,39.1012
ABSL Small Cap Fund - Regular - Growth,2022,7,43.8477
ABSL Small Cap Fund - Regular - Growth,2022,8,48.195
ABSL Small Cap Fund - Regular - Growth,2022,9,51.7879
ABSL Small Cap Fund - Regular - Growth,2022,10,56.409
ABSL Small Cap Fund - Regular - Growth,2022,11,51.2959
ABSL Small Cap Fund - Regular - Growth,2022,12,50.6645
ABSL Small Cap Fund - Regular - Growth,2023,1,52.1446
ABSL Small Cap Fund - Regular - Growth,2023,2,53.021
ABSL Small Cap Fund - Regular - Growth,2023,3,56.6712
ABSL Small Cap Fund - Regular - Growth,2023,4,54.2098
ABSL Small Cap Fund - Regular - Growth,2023,5,59.4482
ABSL Small Cap Fund - Regular - Growth,2023,6,59.8829
ABSL Small Cap Fund - Regular - Growth,2023,7,60.914
ABSL Small Cap Fund - Regular - Growth,2023,8,60.8386
ABSL Small Cap Fund - Regular - Growth,2023,9,57.0059
ABSL Small Cap Fund - Regular - Growth,2023,10,57.5676
ABSL Small Cap Fund - Regular - Growth,2023,11,56.6362
ABSL Small Cap Fund - Regular - Growth,2023,12,59.7319
ABSL Small Cap Fund - Regular - Growth,2024,1,58.8412
ABSL Small Cap Fund - Regular - Growth,2024,2,58.026
ABSL Small Cap Fund - Regular - Growth,2024,3,61.3892
ABSL Small Cap Fund - Regular - Growth,2024,4,60.1509
ABSL Small Cap Fund - Regular - Growth,2024,5,67.0759
ABSL Small Cap Fund - Regular - Growth,2024,6,65.7349
ABSL Small Cap Fund - Regular - Growth,2024,7,62.8717
ABSL Small Cap Fund - Regular - Growth,2024,8,60.5173
ABSL Small Cap Fund - Regular - Growth,2024,9,64.6675
ABSL Small Cap Fund - Regular - Growth,2024,10,71.3383
ABSL Small Cap Fund - Regular - Growth,2024,11,77.2601
ABSL Small Cap Fund - Regular - Growth,2024,12,71.9597
ABSL Small Cap Fund - Regular - Growth,2025,1,72.0393
ABSL Small Cap Fund - Regular - Growth,2025,2,77.122
ABSL Small Cap Fund - Regular - Growth,2025,3,74.2932
ABSL Small Cap Fund - Regular - Growth,2025,4,71.3797
ABSL Small Cap Fund - Regular - Growth,2025,5,73.5005
ABSL Small Cap Fund - Regular - Growth,2025,6,70.9647
ABSL Small Cap Fund - Regular - Growth,2025,7,65.2254
ABSL Small Cap Fund - Regular - Growth,2025,8,64.3066
ABSL Small Cap Fund - Regular - Growth,2025,9,62.0063
ABSL Small Cap Fund - Regular - Growth,2025,10,60.4521
ABSL Small Cap Fund - Regular - Growth,2025,11,64.7939
ABSL Small Cap Fund - Regular - Growth,2025,12,65.5048
ABSL Small Cap Fund - Regular - Growth,2026,1,63.9235
ABSL Small Cap Fund - Regular - Growth,2026,2,58.8615
ABSL Small Cap Fund - Regular - Growth,2026,3,59.4277
ABSL Small Cap Fund - Regular - Growth,2026,4,55.5902
ABSL Small Cap Fund - Regular - Growth,2026,5,53.2158
Axis Bluechip Fund - Direct - Growth,2022,1,40.5503
Axis Bluechip Fund - Direct - Growth,2022,2,40.9611
Axis Bluechip Fund - Direct - Growth,2022,3,39.678
Axis Bluechip Fund - Direct - Growth,2022,4,39.2337
Axis Bluechip Fund - Direct - Growth,2022,5,37.9033
Axis Bluechip Fund - Direct - Growth,2022,6,38.2954
Axis Bluechip Fund - Direct - Growth,2022,7,35.9613
Axis Bluechip Fund - Direct - Growth,2022,8,35.7716
Axis Bluechip Fund - Direct - Growth,2022,9,36.975
Axis Bluechip Fund - Direct - Growth,2022,10,36.4046
Axis Bluechip Fund - Direct - Growth,2022,11,36.4306
Axis Bluechip Fund - Direct - Growth,2022,12,35.5709
Axis Bluechip Fund - Direct - Growth,2023,1,35.3953
Axis Bluechip Fund - Direct - Growth,2023,2,34.7763
Axis Bluechip Fund - Direct - Growth,2023,3,34.7275
Axis Bluechip Fund - Direct - Growth,2023,4,34.9602
Axis Bluechip Fund - Direct - Growth,2023,5,33.6458
Axis Bluechip Fund - Direct - Growth,2023,6,33.7574
Axis Bluechip Fund - Direct - Growth,2023,7,34.3158
Axis Bluechip Fund - Direct - Growth,2023,8,35.9023
Axis Bluechip Fund - Direct - Growth,2023,9,38.6483
Axis Bluechip Fund - Direct - Growth,2023,10,38.0617
Axis Bluechip Fund - Direct - Growth,2023,11,38.6837
Axis Bluechip Fund - Direct - Growth,2023,12,41.0277
Axis Bluechip Fund - Direct - Growth,2024,1,42.0827
Axis Bluechip Fund - Direct - Growth,2024,2,42.9978
Axis Bluechip Fund - Direct - Growth,2024,3,44.6708
Axis Bluechip Fund - Direct - Growth,2024,4,45.562
Axis Bluechip Fund - Direct - Growth,2024,5,45.7808
Axis Bluechip Fund - Direct - Growth,2024,6,47.8848
Axis Bluechip Fund - Direct - Growth,2024,7,45.9486
Axis Bluechip Fund - Direct - Growth,2024,8,45.9028
Axis Bluechip Fund - Direct - Growth,2024,9,47.5304
Axis Bluechip Fund - Direct - Growth,2024,10,48.4536
Axis Bluechip Fund - Direct - Growth,2024,11,48.0818
Axis Bluechip Fund - Direct - Growth,2024,12,47.3537
Axis Bluechip Fund - Direct - Growth,2025,1,45.4792
Axis Bluechip Fund - Direct - Growth,2025,2,45.8994
Axis Bluechip Fund - Direct - Growth,2025,3,49.8735
Axis Bluechip Fund - Direct - Growth,2025,4,48.27
Axis Bluechip Fund - Direct - Growth,2025,5,47.968
Axis Bluechip Fund - Direct - Growth,2025,6,49.7645
Axis Bluechip Fund - Direct - Growth,2025,7,51.1522
Axis Bluechip Fund - Direct - Growth,2025,8,53.7259
Axis Bluechip Fund - Direct - Growth,2025,9,53.1952
Axis Bluechip Fund - Direct - Growth,2025,10,52.9975
Axis Bluechip Fund - Direct - Growth,2025,11,56.1309
Axis Bluechip Fund - Direct - Growth,2025,12,57.7253
Axis Bluechip Fund - Direct - Growth,2026,1,55.4206
Axis Bluechip Fund - Direct - Growth,2026,2,52.3841
Axis Bluechip Fund - Direct - Growth,2026,3,51.4105
Axis Bluechip Fund - Direct - Growth,2026,4,52.9487
Axis Bluechip Fund - Direct - Growth,2026,5,56.3754
Axis Bluechip Fund - Regular - Growth,2022,1,38.8517
Axis Bluechip Fund - Regular - Growth,2022,2,39.8676
Axis Bluechip Fund - Regular - Growth,2022,3,38.1799
Axis Bluechip Fund - Regular - Growth,2022,4,36.0568
Axis Bluechip Fund - Regular - Growth,2022,5,36.1972
Axis Bluechip Fund - Regular - Growth,2022,6,36.9419
Axis Bluechip Fund - Regular - Growth,2022,7,37.7018
Axis Bluechip Fund - Regular - Growth,2022,8,38.3621
Axis Bluechip Fund - Regular - Growth,2022,9,39.9486
Axis Bluechip Fund - Regular - Growth,2022,10,42.7572
Axis Bluechip Fund - Regular - Growth,2022,11,44.4885
Axis Bluechip Fund - Regular - Growth,2022,12,46.0077
Axis Bluechip Fund - Regular - Growth,2023,1,46.2754
Axis Bluechip Fund - Regular - Growth,2023,2,46.7045
Axis Bluechip Fund - Regular - Growth,2023,3,46.3491
Axis Bluechip Fund - Regular - Growth,2023,4,47.6626
Axis Bluechip Fund - Regular - Growth,2023,5,49.3261
Axis Bluechip Fund - Regular - Growth,2023,6,49.2823
Axis Bluechip Fund - Regular - Growth,2023,7,50.6019
Axis Bluechip Fund - Regular - Growth,2023,8,51.6137
Axis Bluechip Fund - Regular - Growth,2023,9,52.2809
Axis Bluechip Fund - Regular - Growth,2023,10,53.5721
Axis Bluechip Fund - Regular - Growth,2023,11,52.3885
Axis Bluechip Fund - Regular - Growth,2023,12,52.4933
Axis Bluechip Fund - Regular - Growth,2024,1,51.8381
Axis Bluechip Fund - Regular - Growth,2024,2,50.6832
Axis Bluechip Fund - Regular - Growth,2024,3,50.9704
Axis Bluechip Fund - Regular - Growth,2024,4,50.4212
Axis Bluechip Fund - Regular - Growth,2024,5,49.6999
Axis Bluechip Fund - Regular - Growth,2024,6,49.5843
Axis Bluechip Fund - Regular - Growth,2024,7,50.4119
Axis Bluechip Fund - Regular - Growth,2024,8,50.2308
Axis Bluechip Fund - Regular - Growth,2024,9,49.5377
Axis Bluechip Fund - Regular - Growth,2024,10,50.6758
Axis Bluechip Fund - Regular - Growth,2024,11,49.9929
Axis Bluechip Fund - Regular - Growth,2024,12,48.4726
Axis Bluechip Fund - Regular - Growth,2025,1,48.8456
Axis Bluechip Fund - Regular - Growth,2025,2,48.5086
Axis Bluechip Fund - Regular - Growth,2025,3,48.2581
Axis Bluechip Fund - Regular - Growth,2025,4,47.6821
Axis Bluechip Fund - Regular - Growth,2025,5,50.1072
Axis Bluechip Fund - Regular - Growth,2025,6,49.7962
Axis Bluechip Fund - Regular - Growth,2025,7,51.4517
Axis Bluechip Fund - Regular - Growth,2025,8,52.1032
Axis Bluechip Fund - Regular - Growth,2025,9,50.0405
Axis Bluechip Fund - Regular - Growth,2025,10,51.4806
Axis Bluechip Fund - Regular - Growth,2025,11,52.0302
Axis Bluechip Fund - Regular - Growth,2025,12,53.3176
Axis Bluechip Fund - Regular - Growth,2026,1,55.6632
Axis Bluechip Fund - Regular - Growth,2026,2,55.0272
Axis Bluechip Fund - Regular - Growth,2026,3,51.4284
Axis Bluechip Fund - Regular - Growth,2026,4,51.9292
Axis Bluechip Fund - Regular - Growth,2026,5,50.6834
Axis Midcap Fund - Regular - Growth,2022,1,67.5362
Axis Midcap Fund - Regular - Growth,2022,2,70.0816
Axis Midcap Fund - Regular - Growth,2022,3,72.7931
Axis Midcap Fund - Regular - Growth,2022,4,73.9944
Axis Midcap Fund - Regular - Growth,2022,5,72.0367
Axis Midcap Fund - Regular - Growth,2022,6,66.6813
Axis Midcap Fund - Regular - Growth,2022,7,65.6793
Axis Midcap Fund - Regular - Growth,2022,8,64.6601
Axis Midcap Fund - Regular - Growth,2022,9,67.8486
Axis Midcap Fund - Regular - Growth,2022,10,66.1959
Axis Midcap Fund - Regular - Growth,2022,11,69.5464
Axis Midcap Fund - Regular - Growth,2022,12,71.8909
Axis Midcap Fund - Regular - Growth,2023,1,77.7821
Axis Midcap Fund - Regular - Growth,2023,2,82.2474
Axis Midcap Fund - Regular - Growth,2023,3,84.3681
Axis Midcap Fund - Regular - Growth,2023,4,85.8031
Axis Midcap Fund - Regular - Growth,2023,5,83.5538
Axis Midcap Fund - Regular - Growth,2023,6,80.1593
Axis Midcap Fund - Regular - Growth,2023,7,82.8008
Axis Midcap Fund - Regular - Growth,2023,8,86.8961
Axis Midcap Fund - Regular - Growth,2023,9,91.6449
Axis Midcap Fund - Regular - Growth,2023,10,100.0422
Axis Midcap Fund - Regular - Growth,2023,11,105.7222
Axis Midcap Fund - Regular - Growth,2023,12,104.6741
Axis Midcap Fund - Regular - Growth,2024,1,104.2112
Axis Midcap Fund - Regular - Growth,2024,2,101.5153
Axis Midcap Fund - Regular - Growth,2024,3,104.0953
Axis Midcap Fund - Regular - Growth,2024,4,111.0419
Axis Midcap Fund - Regular - Growth,2024,5,117.5619
Axis Midcap Fund - Regular - Growth,2024,6,117.1863
Axis Midcap Fund - Regular - Growth,2024,7,124.9249
Axis Midcap Fund - Regular - Growth,2024,8,132.9418
Axis Midcap Fund - Regular - Growth,2024,9,134.4541
Axis Midcap Fund - Regular - Growth,2024,10,138.7141
Axis Midcap Fund - Regular - Growth,2024,11,159.1344
Axis Midcap Fund - Regular - Growth,2024,12,150.7076
Axis Midcap Fund - Regular - Growth,2025,1,155.3797
Axis Midcap Fund - Regular - Growth,2025,2,170.0843
Axis Midcap Fund - Regular - Growth,2025,3,165.0363
Axis Midcap Fund - Regular - Growth,2025,4,158.3027
Axis Midcap Fund - Regular - Growth,2025,5,164.075
Axis Midcap Fund - Regular - Growth,2025,6,162.347
Axis Midcap Fund - Regular - Growth,2025,7,164.8084
Axis Midcap Fund - Regular - Growth,2025,8,164.6368
Axis Midcap Fund - Regular - Growth,2025,9,170.8191
Axis Midcap Fund - Regular - Growth,2025,10,188.0544
Axis Midcap Fund - Regular - Growth,2025,11,198.2236
Axis Midcap Fund - Regular - Growth,2025,12,201.5594
Axis Midcap Fund - Regular - Growth,2026,1,190.5042
Axis Midcap Fund - Regular - Growth,2026,2,202.9602
Axis Midcap Fund - Regular - Growth,2026,3,200.6428
Axis Midcap Fund - Regular - Growth,2026,4,192.6332
Axis Midcap Fund - Regular - Growth,2026,5,198.2992
Axis Small Cap Fund - Regular - Growth,2022,1,52.8123
Axis Small Cap Fund - Regular - Growth,2022,2,49.644
Axis Small Cap Fund - Regular - Growth,2022,3,52.4437
Axis Small Cap Fund - Regular - Growth,2022,4,53.497
Axis Small Cap Fund - Regular - Growth,2022,5,58.1822
Axis Small Cap Fund - Regular - Growth,2022,6,65.7579
Axis Small Cap Fund - Regular - Growth,2022,7,75.7599
Axis Small Cap Fund - Regular - Growth,2022,8,71.1199
Axis Small Cap Fund - Regular - Growth,2022,9,74.5584
Axis Small Cap Fund - Regular - Growth,2022,10,77.2622
Axis Small Cap Fund - Regular - Growth,2022,11,74.1619
Axis Small Cap Fund - Regular - Growth,2022,12,74.744
Axis Small Cap Fund - Regular - Growth,2023,1,78.0239
Axis Small Cap Fund - Regular - Growth,2023,2,79.5099
Axis Small Cap Fund - Regular - Growth,2023,3,85.3132
Axis Small Cap Fund - Regular - Growth,2023,4,80.2716
Axis Small Cap Fund - Regular - Growth,2023,5,81.8037
Axis Small Cap Fund - Regular - Growth,2023,6,80.6945
Axis Small Cap Fund - Regular - Growth,2023,7,77.8137
Axis Small Cap Fund - Regular - Growth,2023,8,85.9815
Axis Small Cap Fund - Regular - Growth,2023,9,91.7357
Axis Small Cap Fund - Regular - Growth,2023,10,94.3816
Axis Small Cap Fund - Regular - Growth,2023,11,90.0857
Axis Small Cap Fund - Regular - Growth,2023,12,78.7992
Axis Small Cap Fund - Regular - Growth,2024,1,73.9495
Axis Small Cap Fund - Regular - Growth,2024,2,71.5795
Axis Small Cap Fund - Regular - Growth,2024,3,75.3007
Axis Small Cap Fund - Regular - Growth,2024,4,76.6701
Axis Small Cap Fund - Regular - Growth,2024,5,75.095
Axis Small Cap Fund - Regular - Growth,2024,6,70.9509
Axis Small Cap Fund - Regular - Growth,2024,7,73.0145
Axis Small Cap Fund - Regular - Growth,2024,8,73.2403
Axis Small Cap Fund - Regular - Growth,2024,9,74.604
Axis Small Cap Fund - Regular - Growth,2024,10,78.51
Axis Small Cap Fund - Regular - Growth,2024,11,80.8844
Axis Small Cap Fund - Regular - Growth,2024,12,75.3824
Axis Small Cap Fund - Regular - Growth,2025,1,78.7977
Axis Small Cap Fund - Regular - Growth,2025,2,79.641
Axis Small Cap Fund - Regular - Growth,2025,3,90.5806
Axis Small Cap Fund - Regular - Growth,2025,4,94.2503
Axis Small Cap Fund - Regular - Growth,2025,5,102.7071
Axis Small Cap Fund - Regular - Growth,2025,6,97.347
Axis Small Cap Fund - Regular - Growth,2025,7,86.6452
Axis Small Cap Fund - Regular - Growth,2025,8,85.1349
Axis Small Cap Fund - Regular - Growth,2025,9,73.7489
Axis Small Cap Fund - Regular - Growth,2025,10,72.5457
Axis Small Cap Fund - Regular - Growth,2025,11,72.9223
Axis Small Cap Fund - Regular - Growth,2025,12,68.8695
Axis Small Cap Fund - Regular - Growth,2026,1,66.9449
Axis Small Cap Fund - Regular - Growth,2026,2,66.4707
Axis Small Cap Fund - Regular - Growth,2026,3,68.0263
Axis Small Cap Fund - Regular - Growth,2026,4,63.9175
Axis Small Cap Fund - Regular - Growth,2026,5,54.5697
DSP Midcap Fund - Regular - Growth,2022,1,79.327
DSP Midcap Fund - Regular - Growth,2022,2,81.108
DSP Midcap Fund - Regular - Growth,2022,3,79.6168
DSP Midcap Fund - Regular - Growth,2022,4,79.1435
DSP Midcap Fund - Regular - Growth,2022,5,82.0384
DSP Midcap Fund - Regular - Growth,2022,6,83.1833
DSP Midcap Fund - Regular - Growth,2022,7,81.7606
DSP Midcap Fund - Regular - Growth,2022,8,80.8443
DSP Midcap Fund - Regular - Growth,2022,9,79.8649
DSP Midcap Fund - Regular - Growth,2022,10,76.8748
DSP Midcap Fund - Regular - Growth,2022,11,77.7308
DSP Midcap Fund - Regular - Growth,2022,12,86.2415
DSP Midcap Fund - Regular - Growth,2023,1,87.9618
DSP Midcap Fund - Regular - Growth,2023,2,86.612
DSP Midcap Fund - Regular - Growth,2023,3,98.1922
DSP Midcap Fund - Regular - Growth,2023,4,110.2604
DSP Midcap Fund - Regular - Growth,2023,5,117.3627
DSP Midcap Fund - Regular - Growth,2023,6,126.8991
DSP Midcap Fund - Regular - Growth,2023,7,129.3659
DSP Midcap Fund - Regular - Growth,2023,8,137.112
DSP Midcap Fund - Regular - Growth,2023,9,138.0556
DSP Midcap Fund - Regular - Growth,2023,10,138.6507
DSP Midcap Fund - Regular - Growth,2023,11,134.1161
DSP Midcap Fund - Regular - Growth,2023,12,132.8935
DSP Midcap Fund - Regular - Growth,2024,1,139.6413
DSP Midcap Fund - Regular - Growth,2024,2,142.6504
DSP Midcap Fund - Regular - Growth,2024,3,133.9239
DSP Midcap Fund - Regular - Growth,2024,4,129.9628
DSP Midcap Fund - Regular - Growth,2024,5,125.3324
DSP Midcap Fund - Regular - Growth,2024,6,125.7162
DSP Midcap Fund - Regular - Growth,2024,7,133.2344
DSP Midcap Fund - Regular - Growth,2024,8,151.946
DSP Midcap Fund - Regular - Growth,2024,9,167.9615
DSP Midcap Fund - Regular - Growth,2024,10,186.591
DSP Midcap Fund - Regular - Growth,2024,11,193.4421
DSP Midcap Fund - Regular - Growth,2024,12,201.6945
DSP Midcap Fund - Regular - Growth,2025,1,218.593
DSP Midcap Fund - Regular - Growth,2025,2,211.15
DSP Midcap Fund - Regular - Growth,2025,3,204.1349
DSP Midcap Fund - Regular - Growth,2025,4,195.2679
DSP Midcap Fund - Regular - Growth,2025,5,198.3109
DSP Midcap Fund - Regular - Growth,2025,6,203.2415
DSP Midcap Fund - Regular - Growth,2025,7,213.362
DSP Midcap Fund - Regular - Growth,2025,8,219.2927
DSP Midcap Fund - Regular - Growth,2025,9,222.5865
DSP Midcap Fund - Regular - Growth,2025,10,228.5652
DSP Midcap Fund - Regular - Growth,2025,11,241.632
DSP Midcap Fund - Regular - Growth,2025,12,225.4017
DSP Midcap Fund - Regular - Growth,2026,1,226.4417
DSP Midcap Fund - Regular - Growth,2026,2,246.0775
DSP Midcap Fund - Regular - Growth,2026,3,241.9794
DSP Midcap Fund - Regular - Growth,2026,4,247.4555
DSP Midcap Fund - Regular - Growth,2026,5,249.5966
DSP Small Cap Fund - Regular - Growth,2022,1,80.9424
DSP Small Cap Fund - Regular - Growth,2022,2,80.6369
DSP Small Cap Fund - Regular - Growth,2022,3,84.4517
DSP Small Cap Fund - Regular - Growth,2022,4,79.4617
DSP Small Cap Fund - Regular - Growth,2022,5,82.1063
DSP Small Cap Fund - Regular - Growth,2022,6,83.025
DSP Small Cap Fund - Regular - Growth,2022,7,77.9107
DSP Small Cap Fund - Regular - Growth,2022,8,77.6637
DSP Small Cap Fund - Regular - Growth,2022,9,80.9599
DSP Small Cap Fund - Regular - Growth,2022,10,81.1566
DSP Small Cap Fund - Regular - Growth,2022,11,91.5964
DSP Small Cap Fund - Regular - Growth,2022,12,106.0532
DSP Small Cap Fund - Regular - Growth,2023,1,116.6164
DSP Small Cap Fund - Regular - Growth,2023,2,121.6357
DSP Small Cap Fund - Regular - Growth,2023,3,119.0717
DSP Small Cap Fund - Regular - Growth,2023,4,133.2533
DSP Small Cap Fund - Regular - Growth,2023,5,136.5819
DSP Small Cap Fund - Regular - Growth,2023,6,141.7569
DSP Small Cap Fund - Regular - Growth,2023,7,136.5359
DSP Small Cap Fund - Regular - Growth,2023,8,129.3765
DSP Small Cap Fund - Regular - Growth,2023,9,116.8402
DSP Small Cap Fund - Regular - Growth,2023,10,112.932
DSP Small Cap Fund - Regular - Growth,2023,11,115.2535
DSP Small Cap Fund - Regular - Growth,2023,12,134.8016
DSP Small Cap Fund - Regular - Growth,2024,1,149.9938
DSP Small Cap Fund - Regular - Growth,2024,2,149.1559
DSP Small Cap Fund - Regular - Growth,2024,3,142.0928
DSP Small Cap Fund - Regular - Growth,2024,4,158.5014
DSP Small Cap Fund - Regular - Growth,2024,5,167.1649
DSP Small Cap Fund - Regular - Growth,2024,6,163.0599
DSP Small Cap Fund - Regular - Growth,2024,7,157.0604
DSP Small Cap Fund - Regular - Growth,2024,8,140.7656
DSP Small Cap Fund - Regular - Growth,2024,9,141.2471
DSP Small Cap Fund - Regular - Growth,2024,10,131.7627
DSP Small Cap Fund - Regular - Growth,2024,11,127.2943
DSP Small Cap Fund - Regular - Growth,2024,12,128.4294
DSP Small Cap Fund - Regular - Growth,2025,1,134.5507
DSP Small Cap Fund - Regular - Growth,2025,2,143.6851
DSP Small Cap Fund - Regular - Growth,2025,3,151.4539
DSP Small Cap Fund - Regular - Growth,2025,4,164.3472
DSP Small Cap Fund - Regular - Growth,2025,5,169.2332
DSP Small Cap Fund - Regular - Growth,2025,6,174.3051
DSP Small Cap Fund - Regular - Growth,2025,7,170.8929
DSP Small Cap Fund - Regular - Growth,2025,8,180.1544
DSP Small Cap Fund - Regular - Growth,2025,9,197.8263
DSP Small Cap Fund - Regular - Growth,2025,10,217.5214
DSP Small Cap Fund - Regular - Growth,2025,11,247.3279
DSP Small Cap Fund - Regular - Growth,2025,12,253.7402
DSP Small Cap Fund - Regular - Growth,2026,1,253.5149
DSP Small Cap Fund - Regular - Growth,2026,2,249.4288
DSP Small Cap Fund - Regular - Growth,2026,3,263.0494
DSP Small Cap Fund - Regular - Growth,2026,4,305.9397
DSP Small Cap Fund - Regular - Growth,2026,5,303.7226
DSP Top 100 Equity Fund - Regular - Growth,2022,1,333.1442
DSP Top 100 Equity Fund - Regular - Growth,2022,2,305.5258
DSP Top 100 Equity Fund - Regular - Growth,2022,3,315.4695
DSP Top 100 Equity Fund - Regular - Growth,2022,4,332.7673
DSP Top 100 Equity Fund - Regular - Growth,2022,5,344.9528
DSP Top 100 Equity Fund - Regular - Growth,2022,6,337.9214
DSP Top 100 Equity Fund - Regular - Growth,2022,7,331.9441
DSP Top 100 Equity Fund - Regular - Growth,2022,8,342.1441
DSP Top 100 Equity Fund - Regular - Growth,2022,9,344.0245
DSP Top 100 Equity Fund - Regular - Growth,2022,10,335.3614
DSP Top 100 Equity Fund - Regular - Growth,2022,11,350.9062
DSP Top 100 Equity Fund - Regular - Growth,2022,12,359.2054
DSP Top 100 Equity Fund - Regular - Growth,2023,1,370.9606
DSP Top 100 Equity Fund - Regular - Growth,2023,2,380.9342
DSP Top 100 Equity Fund - Regular - Growth,2023,3,384.3941
DSP Top 100 Equity Fund - Regular - Growth,2023,4,359.578
DSP Top 100 Equity Fund - Regular - Growth,2023,5,361.716
DSP Top 100 Equity Fund - Regular - Growth,2023,6,386.7523
DSP Top 100 Equity Fund - Regular - Growth,2023,7,390.5972
DSP Top 100 Equity Fund - Regular - Growth,2023,8,395.9227
DSP Top 100 Equity Fund - Regular - Growth,2023,9,381.3974
DSP Top 100 Equity Fund - Regular - Growth,2023,10,366.3445
DSP Top 100 Equity Fund - Regular - Growth,2023,11,364.7587
DSP Top 100 Equity Fund - Regular - Growth,2023,12,383.9644
DSP Top 100 Equity Fund - Regular - Growth,2024,1,393.1226
DSP Top 100 Equity Fund - Regular - Growth,2024,2,399.7647
DSP Top 100 Equity Fund - Regular - Growth,2024,3,422.4291
DSP Top 100 Equity Fund - Regular - Growth,2024,4,403.9325
DSP Top 100 Equity Fund - Regular - Growth,2024,5,416.7438
DSP Top 100 Equity Fund - Regular - Growth,2024,6,421.0662
DSP Top 100 Equity Fund - Regular - Growth,2024,7,467.3431
DSP Top 100 Equity Fund - Regular - Growth,2024,8,488.8569
DSP Top 100 Equity Fund - Regular - Growth,2024,9,468.5923
DSP Top 100 Equity Fund - Regular - Growth,2024,10,478.8565
DSP Top 100 Equity Fund - Regular - Growth,2024,11,464.3796
DSP Top 100 Equity Fund - Regular - Growth,2024,12,450.4029
DSP Top 100 Equity Fund - Regular - Growth,2025,1,475.6912
DSP Top 100 Equity Fund - Regular - Growth,2025,2,493.2605
DSP Top 100 Equity Fund - Regular - Growth,2025,3,493.9708
DSP Top 100 Equity Fund - Regular - Growth,2025,4,518.059
DSP Top 100 Equity Fund - Regular - Growth,2025,5,512.1466
DSP Top 100 Equity Fund - Regular - Growth,2025,6,509.2267
DSP Top 100 Equity Fund - Regular - Growth,2025,7,514.1394
DSP Top 100 Equity Fund - Regular - Growth,2025,8,524.9291
DSP Top 100 Equity Fund - Regular - Growth,2025,9,542.7163
DSP Top 100 Equity Fund - Regular - Growth,2025,10,557.1728
DSP Top 100 Equity Fund - Regular - Growth,2025,11,589.1943
DSP Top 100 Equity Fund - Regular - Growth,2025,12,615.8759
DSP Top 100 Equity Fund - Regular - Growth,2026,1,634.2956
DSP Top 100 Equity Fund - Regular - Growth,2026,2,627.9911
DSP Top 100 Equity Fund - Regular - Growth,2026,3,611.2018
DSP Top 100 Equity Fund - Regular - Growth,2026,4,606.4239
DSP Top 100 Equity Fund - Regular - Growth,2026,5,613.7017
HDFC Mid-Cap Opportunities Fund - Direct - Growth,2022,1,113.8005
HDFC Mid-Cap Opportunities Fund - Direct - Growth,2022,2,110.1765
HDFC Mid-Cap Opportunities Fund - Direct - Growth,2022,3,103.7144
HDFC Mid-Cap Opportunities Fund - Direct - Growth,2022,4,103.2567
HDFC Mid-Cap Opportunities Fund - Direct - Growth,2022,5,102.3291
HDFC Mid-Cap Opportunities Fund - Direct - Growth,2022,6,104.9297
HDFC Mid-Cap Opportunities Fund - Direct - Growth,2022,7,106.2821
HDFC Mid-Cap Opportunities Fund - Direct - Growth,2022,8,112.7683
HDFC Mid-Cap Opportunities Fund - Direct - Growth,2022,9,111.2327
HDFC Mid-Cap Opportunities Fund - Direct - Growth,2022,10,115.2851
HDFC Mid-Cap Opportunities Fund - Direct - Growth,2022,11,117.1611
HDFC Mid-Cap Opportunities Fund - Direct - Growth,2022,12,114.4796
HDFC Mid-Cap Opportunities Fund - Direct - Growth,2023,1,115.6069
HDFC Mid-Cap Opportunities Fund - Direct - Growth,2023,2,116.6452
HDFC Mid-Cap Opportunities Fund - Direct - Growth,2023,3,125.6224
HDFC Mid-Cap Opportunities Fund - Direct - Growth,2023,4,132.3893
HDFC Mid-Cap Opportunities Fund - Direct - Growth,2023,5,134.4077
HDFC Mid-Cap Opportunities Fund - Direct - Growth,2023,6,131.5776
HDFC Mid-Cap Opportunities Fund - Direct - Growth,2023,7,130.0219
HDFC Mid-Cap Opportunities Fund - Direct - Growth,2023,8,129.2546
HDFC Mid-Cap Opportunities Fund - Direct - Growth,2023,9,133.7896
HDFC Mid-Cap Opportunities Fund - Direct - Growth,2023,10,143.4435
HDFC Mid-Cap Opportunities Fund - Direct - Growth,2023,11,143.2375
HDFC Mid-Cap Opportunities Fund - Direct - Growth,2023,12,144.8631
HDFC Mid-Cap Opportunities Fund - Direct - Growth,2024,1,141.4017
HDFC Mid-Cap Opportunities Fund - Direct - Growth,2024,2,139.5349
HDFC Mid-Cap Opportunities Fund - Direct - Growth,2024,3,134.4327
HDFC Mid-Cap Opportunities Fund - Direct - Growth,2024,4,135.7169
HDFC Mid-Cap Opportunities Fund - Direct - Growth,2024,5,136.483
HDFC Mid-Cap Opportunities Fund - Direct - Growth,2024,6,131.7535
HDFC Mid-Cap Opportunities Fund - Direct - Growth,2024,7,133.1321
HDFC Mid-Cap Opportunities Fund - Direct - Growth,2024,8,137.7414
HDFC Mid-Cap Opportunities Fund - Direct - Growth,2024,9,145.0227
HDFC Mid-Cap Opportunities Fund - Direct - Growth,2024,10,154.2117
HDFC Mid-Cap Opportunities Fund - Direct - Growth,2024,11,153.4826
HDFC Mid-Cap Opportunities Fund - Direct - Growth,2024,12,156.5599
HDFC Mid-Cap Opportunities Fund - Direct - Growth,2025,1,151.2411
HDFC Mid-Cap Opportunities Fund - Direct - Growth,2025,2,154.0097
HDFC Mid-Cap Opportunities Fund - Direct - Growth,2025,3,165.0753
HDFC Mid-Cap Opportunities Fund - Direct - Growth,2025,4,162.7797
HDFC Mid-Cap Opportunities Fund - Direct - Growth,2025,5,162.3549
HDFC Mid-Cap Opportunities Fund - Direct - Growth,2025,6,159.8033
HDFC Mid-Cap Opportunities Fund - Direct - Growth,2025,7,160.3343
HDFC Mid-Cap Opportunities Fund - Direct - Growth,2025,8,144.0461
HDFC Mid-Cap Opportunities Fund - Direct - Growth,2025,9,137.5954
HDFC Mid-Cap Opportunities Fund - Direct - Growth,2025,10,148.7692
HDFC Mid-Cap Opportunities Fund - Direct - Growth,2025,11,160.5713
HDFC Mid-Cap Opportunities Fund - Direct - Growth,2025,12,157.4323
HDFC Mid-Cap Opportunities Fund - Direct - Growth,2026,1,159.1098
HDFC Mid-Cap Opportunities Fund - Direct - Growth,2026,2,168.2561
HDFC Mid-Cap Opportunities Fund - Direct - Growth,2026,3,172.0101
HDFC Mid-Cap Opportunities Fund - Direct - Growth,2026,4,179.4685
HDFC Mid-Cap Opportunities Fund - Direct - Growth,2026,5,187.8403
HDFC Mid-Cap Opportunities Fund - Regular - Growth,2022,1,104.8849
HDFC Mid-Cap Opportunities Fund - Regular - Growth,2022,2,106.0319
HDFC Mid-Cap Opportunities Fund - Regular - Growth,2022,3,104.9016
HDFC Mid-Cap Opportunities Fund - Regular - Growth,2022,4,96.8746
HDFC Mid-Cap Opportunities Fund - Regular - Growth,2022,5,96.486
HDFC Mid-Cap Opportunities Fund - Regular - Growth,2022,6,99.6605
HDFC Mid-Cap Opportunities Fund - Regular - Growth,2022,7,106.4923
HDFC Mid-Cap Opportunities Fund - Regular - Growth,2022,8,107.6201
HDFC Mid-Cap Opportunities Fund - Regular - Growth,2022,9,106.7635
HDFC Mid-Cap Opportunities Fund - Regular - Growth,2022,10,109.2822
HDFC Mid-Cap Opportunities Fund - Regular - Growth,2022,11,109.5344
HDFC Mid-Cap Opportunities Fund - Regular - Growth,2022,12,118.0348
HDFC Mid-Cap Opportunities Fund - Regular - Growth,2023,1,128.6138
HDFC Mid-Cap Opportunities Fund - Regular - Growth,2023,2,134.5544
HDFC Mid-Cap Opportunities Fund - Regular - Growth,2023,3,139.8324
HDFC Mid-Cap Opportunities Fund - Regular - Growth,2023,4,138.81
HDFC Mid-Cap Opportunities Fund - Regular - Growth,2023,5,146.9665
HDFC Mid-Cap Opportunities Fund - Regular - Growth,2023,6,144.62
HDFC Mid-Cap Opportunities Fund - Regular - Growth,2023,7,143.6912
HDFC Mid-Cap Opportunities Fund - Regular - Growth,2023,8,141.9241
HDFC Mid-Cap Opportunities Fund - Regular - Growth,2023,9,148.5985
HDFC Mid-Cap Opportunities Fund - Regular - Growth,2023,10,154.5367
HDFC Mid-Cap Opportunities Fund - Regular - Growth,2023,11,156.5685
HDFC Mid-Cap Opportunities Fund - Regular - Growth,2023,12,166.5926
HDFC Mid-Cap Opportunities Fund - Regular - Growth,2024,1,168.2846
HDFC Mid-Cap Opportunities Fund - Regular - Growth,2024,2,171.0962
HDFC Mid-Cap Opportunities Fund - Regular - Growth,2024,3,176.0163
HDFC Mid-Cap Opportunities Fund - Regular - Growth,2024,4,178.142
HDFC Mid-Cap Opportunities Fund - Regular - Growth,2024,5,188.1203
HDFC Mid-Cap Opportunities Fund - Regular - Growth,2024,6,201.3405
HDFC Mid-Cap Opportunities Fund - Regular - Growth,2024,7,216.4342
HDFC Mid-Cap Opportunities Fund - Regular - Growth,2024,8,226.8977
HDFC Mid-Cap Opportunities Fund - Regular - Growth,2024,9,232.317
HDFC Mid-Cap Opportunities Fund - Regular - Growth,2024,10,246.7036
HDFC Mid-Cap Opportunities Fund - Regular - Growth,2024,11,240.7237
HDFC Mid-Cap Opportunities Fund - Regular - Growth,2024,12,247.6595
HDFC Mid-Cap Opportunities Fund - Regular - Growth,2025,1,248.5486
HDFC Mid-Cap Opportunities Fund - Regular - Growth,2025,2,233.481
HDFC Mid-Cap Opportunities Fund - Regular - Growth,2025,3,224.266
HDFC Mid-Cap Opportunities Fund - Regular - Growth,2025,4,223.6694
HDFC Mid-Cap Opportunities Fund - Regular - Growth,2025,5,221.4231
HDFC Mid-Cap Opportunities Fund - Regular - Growth,2025,6,229.662
HDFC Mid-Cap Opportunities Fund - Regular - Growth,2025,7,235.9019
HDFC Mid-Cap Opportunities Fund - Regular - Growth,2025,8,258.7648
HDFC Mid-Cap Opportunities Fund - Regular - Growth,2025,9,259.5377
HDFC Mid-Cap Opportunities Fund - Regular - Growth,2025,10,264.6949
HDFC Mid-Cap Opportunities Fund - Regular - Growth,2025,11,259.1477
HDFC Mid-Cap Opportunities Fund - Regular - Growth,2025,12,273.9254
HDFC Mid-Cap Opportunities Fund - Regular - Growth,2026,1,295.3339
HDFC Mid-Cap Opportunities Fund - Regular - Growth,2026,2,329.9236
HDFC Mid-Cap Opportunities Fund - Regular - Growth,2026,3,340.6847
HDFC Mid-Cap Opportunities Fund - Regular - Growth,2026,4,359.2601
HDFC Mid-Cap Opportunities Fund - Regular - Growth,2026,5,351.2722
HDFC Short Term Debt Fund - Regular - Growth,2022,1,26.2651
HDFC Short Term Debt Fund - Regular - Growth,2022,2,26.4481
HDFC Short Term Debt Fund - Regular - Growth,2022,3,26.7241
HDFC Short Term Debt Fund - Regular - Growth,2022,4,27.0449
HDFC Short Term Debt Fund - Regular - Growth,2022,5,27.1752
HDFC Short Term Debt Fund - Regular - Growth,2022,6,27.3406
HDFC Short Term Debt Fund - Regular - Growth,2022,7,27.5134
HDFC Short Term Debt Fund - Regular - Growth,2022,8,27.6002
HDFC Short Term Debt Fund - Regular - Growth,2022,9,27.5092
HDFC Short Term Debt Fund - Regular - Growth,2022,10,27.2839
HDFC Short Term Debt Fund - Regular - Growth,2022,11,27.3971
HDFC Short Term Debt Fund - Regular - Growth,2022,12,27.4759
HDFC Short Term Debt Fund - Regular - Growth,2023,1,27.8591
HDFC Short Term Debt Fund - Regular - Growth,2023,2,28.1355
HDFC Short Term Debt Fund - Regular - Growth,2023,3,28.2591
HDFC Short Term Debt Fund - Regular - Growth,2023,4,28.2733
HDFC Short Term Debt Fund - Regular - Growth,2023,5,28.5232
HDFC Short Term Debt Fund - Regular - Growth,2023,6,28.2245
HDFC Short Term Debt Fund - Regular - Growth,2023,7,27.6725
HDFC Short Term Debt Fund - Regular - Growth,2023,8,28.1797
HDFC Short Term Debt Fund - Regular - Growth,2023,9,28.5404
HDFC Short Term Debt Fund - Regular - Growth,2023,10,28.601
HDFC Short Term Debt Fund - Regular - Growth,2023,11,28.5253
HDFC Short Term Debt Fund - Regular - Growth,2023,12,28.3998
HDFC Short Term Debt Fund - Regular - Growth,2024,1,28.6171
HDFC Short Term Debt Fund - Regular - Growth,2024,2,28.4937
HDFC Short Term Debt Fund - Regular - Growth,2024,3,28.1784
HDFC Short Term Debt Fund - Regular - Growth,2024,4,28.114
HDFC Short Term Debt Fund - Regular - Growth,2024,5,28.1332
HDFC Short Term Debt Fund - Regular - Growth,2024,6,28.5202
HDFC Short Term Debt Fund - Regular - Growth,2024,7,28.8731
HDFC Short Term Debt Fund - Regular - Growth,2024,8,29.0233
HDFC Short Term Debt Fund - Regular - Growth,2024,9,29.2366
HDFC Short Term Debt Fund - Regular - Growth,2024,10,29.276
HDFC Short Term Debt Fund - Regular - Growth,2024,11,29.4563
HDFC Short Term Debt Fund - Regular - Growth,2024,12,29.5595
HDFC Short Term Debt Fund - Regular - Growth,2025,1,29.6838
HDFC Short Term Debt Fund - Regular - Growth,2025,2,29.8482
HDFC Short Term Debt Fund - Regular - Growth,2025,3,30.0264
HDFC Short Term Debt Fund - Regular - Growth,2025,4,30.2202
HDFC Short Term Debt Fund - Regular - Growth,2025,5,30.714
HDFC Short Term Debt Fund - Regular - Growth,2025,6,31.0316
HDFC Short Term Debt Fund - Regular - Growth,2025,7,31.3609
HDFC Short Term Debt Fund - Regular - Growth,2025,8,31.7573
HDFC Short Term Debt Fund - Regular - Growth,2025,9,31.2196
HDFC Short Term Debt Fund - Regular - Growth,2025,10,31.6558
HDFC Short Term Debt Fund - Regular - Growth,2025,11,32.3941
HDFC Short Term Debt Fund - Regular - Growth,2025,12,32.424
HDFC Short Term Debt Fund - Regular - Growth,2026,1,32.1311
HDFC Short Term Debt Fund - Regular - Growth,2026,2,31.9742
HDFC Short Term Debt Fund - Regular - Growth,2026,3,31.5655
HDFC Short Term Debt Fund - Regular - Growth,2026,4,31.9267
HDFC Short Term Debt Fund - Regular - Growth,2026,5,31.8908
HDFC Top 100 Fund - Direct Plan - Growth,2022,1,553.2827
HDFC Top 100 Fund - Direct Plan - Growth,2022,2,544.9917
HDFC Top 100 Fund - Direct Plan - Growth,2022,3,548.7663
HDFC Top 100 Fund - Direct Plan - Growth,2022,4,578.6486
HDFC Top 100 Fund - Direct Plan - Growth,2022,5,597.9687
HDFC Top 100 Fund - Direct Plan - Growth,2022,6,658.0662
HDFC Top 100 Fund - Direct Plan - Growth,2022,7,647.004
HDFC Top 100 Fund - Direct Plan - Growth,2022,8,647.7801
HDFC Top 100 Fund - Direct Plan - Growth,2022,9,675.4238
HDFC Top 100 Fund - Direct Plan - Growth,2022,10,666.6887
HDFC Top 100 Fund - Direct Plan - Growth,2022,11,662.6099
HDFC Top 100 Fund - Direct Plan - Growth,2022,12,648.9731
HDFC Top 100 Fund - Direct Plan - Growth,2023,1,646.2434
HDFC Top 100 Fund - Direct Plan - Growth,2023,2,657.917
HDFC Top 100 Fund - Direct Plan - Growth,2023,3,672.5624
HDFC Top 100 Fund - Direct Plan - Growth,2023,4,684.5353
HDFC Top 100 Fund - Direct Plan - Growth,2023,5,694.6762
HDFC Top 100 Fund - Direct Plan - Growth,2023,6,738.1426
HDFC Top 100 Fund - Direct Plan - Growth,2023,7,726.1929
HDFC Top 100 Fund - Direct Plan - Growth,2023,8,705.402
HDFC Top 100 Fund - Direct Plan - Growth,2023,9,744.4619
HDFC Top 100 Fund - Direct Plan - Growth,2023,10,768.1806
HDFC Top 100 Fund - Direct Plan - Growth,2023,11,804.5311
HDFC Top 100 Fund - Direct Plan - Growth,2023,12,833.7738
HDFC Top 100 Fund - Direct Plan - Growth,2024,1,816.3767
HDFC Top 100 Fund - Direct Plan - Growth,2024,2,828.0537
HDFC Top 100 Fund - Direct Plan - Growth,2024,3,811.9312
HDFC Top 100 Fund - Direct Plan - Growth,2024,4,818.5228
HDFC Top 100 Fund - Direct Plan - Growth,2024,5,816.3603
HDFC Top 100 Fund - Direct Plan - Growth,2024,6,798.1205
HDFC Top 100 Fund - Direct Plan - Growth,2024,7,820.6857
HDFC Top 100 Fund - Direct Plan - Growth,2024,8,791.6132
HDFC Top 100 Fund - Direct Plan - Growth,2024,9,774.2056
HDFC Top 100 Fund - Direct Plan - Growth,2024,10,762.7665
HDFC Top 100 Fund - Direct Plan - Growth,2024,11,764.9015
HDFC Top 100 Fund - Direct Plan - Growth,2024,12,766.58
HDFC Top 100 Fund - Direct Plan - Growth,2025,1,762.7695
HDFC Top 100 Fund - Direct Plan - Growth,2025,2,785.6045
HDFC Top 100 Fund - Direct Plan - Growth,2025,3,800.7965
HDFC Top 100 Fund - Direct Plan - Growth,2025,4,854.8145
HDFC Top 100 Fund - Direct Plan - Growth,2025,5,917.2531
HDFC Top 100 Fund - Direct Plan - Growth,2025,6,920.7824
HDFC Top 100 Fund - Direct Plan - Growth,2025,7,924.7542
HDFC Top 100 Fund - Direct Plan - Growth,2025,8,951.2618
HDFC Top 100 Fund - Direct Plan - Growth,2025,9,948.504
HDFC Top 100 Fund - Direct Plan - Growth,2025,10,995.3294
HDFC Top 100 Fund - Direct Plan - Growth,2025,11,967.3637
HDFC Top 100 Fund - Direct Plan - Growth,2025,12,1007.4379
HDFC Top 100 Fund - Direct Plan - Growth,2026,1,1050.521
HDFC Top 100 Fund - Direct Plan - Growth,2026,2,1099.5176
HDFC Top 100 Fund - Direct Plan - Growth,2026,3,1158.6381
HDFC Top 100 Fund - Direct Plan - Growth,2026,4,1236.7629
HDFC Top 100 Fund - Direct Plan - Growth,2026,5,1203.6155
HDFC Top 100 Fund - Regular Plan - Growth,2022,1,512.5353
HDFC Top 100 Fund - Regular Plan - Growth,2022,2,513.9306
HDFC Top 100 Fund - Regular Plan - Growth,2022,3,522.5782
HDFC Top 100 Fund - Regular Plan - Growth,2022,4,525.6312
HDFC Top 100 Fund - Regular Plan - Growth,2022,5,504.3125
HDFC Top 100 Fund - Regular Plan - Growth,2022,6,465.137
HDFC Top 100 Fund - Regular Plan - Growth,2022,7,436.746
HDFC Top 100 Fund - Regular Plan - Growth,2022,8,421.3311
HDFC Top 100 Fund - Regular Plan - Growth,2022,9,422.1759
HDFC Top 100 Fund - Regular Plan - Growth,2022,10,431.4175
HDFC Top 100 Fund - Regular Plan - Growth,2022,11,463.6936
HDFC Top 100 Fund - Regular Plan - Growth,2022,12,480.9635
HDFC Top 100 Fund - Regular Plan - Growth,2023,1,490.9673
HDFC Top 100 Fund - Regular Plan - Growth,2023,2,493.1681
HDFC Top 100 Fund - Regular Plan - Growth,2023,3,546.0677
HDFC Top 100 Fund - Regular Plan - Growth,2023,4,566.9077
HDFC Top 100 Fund - Regular Plan - Growth,2023,5,566.0106
HDFC Top 100 Fund - Regular Plan - Growth,2023,6,571.042
HDFC Top 100 Fund - Regular Plan - Growth,2023,7,578.758
HDFC Top 100 Fund - Regular Plan - Growth,2023,8,569.4809
HDFC Top 100 Fund - Regular Plan - Growth,2023,9,577.0378
HDFC Top 100 Fund - Regular Plan - Growth,2023,10,575.2591
HDFC Top 100 Fund - Regular Plan - Growth,2023,11,573.0609
HDFC Top 100 Fund - Regular Plan - Growth,2023,12,582.6872
HDFC Top 100 Fund - Regular Plan - Growth,2024,1,599.3212
HDFC Top 100 Fund - Regular Plan - Growth,2024,2,603.2158
HDFC Top 100 Fund - Regular Plan - Growth,2024,3,635.6954
HDFC Top 100 Fund - Regular Plan - Growth,2024,4,641.0165
HDFC Top 100 Fund - Regular Plan - Growth,2024,5,635.8788
HDFC Top 100 Fund - Regular Plan - Growth,2024,6,655.375
HDFC Top 100 Fund - Regular Plan - Growth,2024,7,644.6187
HDFC Top 100 Fund - Regular Plan - Growth,2024,8,630.2416
HDFC Top 100 Fund - Regular Plan - Growth,2024,9,583.0442
HDFC Top 100 Fund - Regular Plan - Growth,2024,10,551.1506
HDFC Top 100 Fund - Regular Plan - Growth,2024,11,564.8709
HDFC Top 100 Fund - Regular Plan - Growth,2024,12,588.1106
HDFC Top 100 Fund - Regular Plan - Growth,2025,1,589.0825
HDFC Top 100 Fund - Regular Plan - Growth,2025,2,602.4776
HDFC Top 100 Fund - Regular Plan - Growth,2025,3,619.9604
HDFC Top 100 Fund - Regular Plan - Growth,2025,4,611.7436
HDFC Top 100 Fund - Regular Plan - Growth,2025,5,613.659
HDFC Top 100 Fund - Regular Plan - Growth,2025,6,603.4612
HDFC Top 100 Fund - Regular Plan - Growth,2025,7,602.5798
HDFC Top 100 Fund - Regular Plan - Growth,2025,8,590.5114
HDFC Top 100 Fund - Regular Plan - Growth,2025,9,594.9615
HDFC Top 100 Fund - Regular Plan - Growth,2025,10,616.8069
HDFC Top 100 Fund - Regular Plan - Growth,2025,11,601.5346
HDFC Top 100 Fund - Regular Plan - Growth,2025,12,618.9595
HDFC Top 100 Fund - Regular Plan - Growth,2026,1,632.3917
HDFC Top 100 Fund - Regular Plan - Growth,2026,2,593.4026
HDFC Top 100 Fund - Regular Plan - Growth,2026,3,588.144
HDFC Top 100 Fund - Regular Plan - Growth,2026,4,610.2515
HDFC Top 100 Fund - Regular Plan - Growth,2026,5,592.4348
ICICI Pru Bluechip Fund - Direct - Growth,2022,1,61.8823
ICICI Pru Bluechip Fund - Direct - Growth,2022,2,61.7576
ICICI Pru Bluechip Fund - Direct - Growth,2022,3,62.2288
ICICI Pru Bluechip Fund - Direct - Growth,2022,4,63.8961
ICICI Pru Bluechip Fund - Direct - Growth,2022,5,65.7659
ICICI Pru Bluechip Fund - Direct - Growth,2022,6,67.9755
ICICI Pru Bluechip Fund - Direct - Growth,2022,7,69.3833
ICICI Pru Bluechip Fund - Direct - Growth,2022,8,70.5137
ICICI Pru Bluechip Fund - Direct - Growth,2022,9,71.6485
ICICI Pru Bluechip Fund - Direct - Growth,2022,10,71.3909
ICICI Pru Bluechip Fund - Direct - Growth,2022,11,69.7777
ICICI Pru Bluechip Fund - Direct - Growth,2022,12,67.8449
ICICI Pru Bluechip Fund - Direct - Growth,2023,1,67.3794
ICICI Pru Bluechip Fund - Direct - Growth,2023,2,66.3265
ICICI Pru Bluechip Fund - Direct - Growth,2023,3,68.9104
ICICI Pru Bluechip Fund - Direct - Growth,2023,4,69.147
ICICI Pru Bluechip Fund - Direct - Growth,2023,5,66.1824
ICICI Pru Bluechip Fund - Direct - Growth,2023,6,67.7682
ICICI Pru Bluechip Fund - Direct - Growth,2023,7,73.9593
ICICI Pru Bluechip Fund - Direct - Growth,2023,8,81.7506
ICICI Pru Bluechip Fund - Direct - Growth,2023,9,86.1102
ICICI Pru Bluechip Fund - Direct - Growth,2023,10,85.5097
ICICI Pru Bluechip Fund - Direct - Growth,2023,11,86.2175
ICICI Pru Bluechip Fund - Direct - Growth,2023,12,87.9174
ICICI Pru Bluechip Fund - Direct - Growth,2024,1,91.5493
ICICI Pru Bluechip Fund - Direct - Growth,2024,2,93.8111
ICICI Pru Bluechip Fund - Direct - Growth,2024,3,100.8698
ICICI Pru Bluechip Fund - Direct - Growth,2024,4,103.1113
ICICI Pru Bluechip Fund - Direct - Growth,2024,5,106.4151
ICICI Pru Bluechip Fund - Direct - Growth,2024,6,108.9502
ICICI Pru Bluechip Fund - Direct - Growth,2024,7,111.2052
ICICI Pru Bluechip Fund - Direct - Growth,2024,8,114.5665
ICICI Pru Bluechip Fund - Direct - Growth,2024,9,111.3257
ICICI Pru Bluechip Fund - Direct - Growth,2024,10,109.0321
ICICI Pru Bluechip Fund - Direct - Growth,2024,11,112.2477
ICICI Pru Bluechip Fund - Direct - Growth,2024,12,110.6514
ICICI Pru Bluechip Fund - Direct - Growth,2025,1,112.8867
ICICI Pru Bluechip Fund - Direct - Growth,2025,2,116.0229
ICICI Pru Bluechip Fund - Direct - Growth,2025,3,118.2076
ICICI Pru Bluechip Fund - Direct - Growth,2025,4,123.3525
ICICI Pru Bluechip Fund - Direct - Growth,2025,5,128.8257
ICICI Pru Bluechip Fund - Direct - Growth,2025,6,134.1206
ICICI Pru Bluechip Fund - Direct - Growth,2025,7,128.0986
ICICI Pru Bluechip Fund - Direct - Growth,2025,8,125.1808
ICICI Pru Bluechip Fund - Direct - Growth,2025,9,132.0567
ICICI Pru Bluechip Fund - Direct - Growth,2025,10,129.6062
ICICI Pru Bluechip Fund - Direct - Growth,2025,11,133.6094
ICICI Pru Bluechip Fund - Direct - Growth,2025,12,150.5252
ICICI Pru Bluechip Fund - Direct - Growth,2026,1,156.8906
ICICI Pru Bluechip Fund - Direct - Growth,2026,2,155.325
ICICI Pru Bluechip Fund - Direct - Growth,2026,3,158.8097
ICICI Pru Bluechip Fund - Direct - Growth,2026,4,156.2535
ICICI Pru Bluechip Fund - Direct - Growth,2026,5,151.9261
ICICI Pru Bluechip Fund - Regular - Growth,2022,1,58.6932
ICICI Pru Bluechip Fund - Regular - Growth,2022,2,58.8855
ICICI Pru Bluechip Fund - Regular - Growth,2022,3,63.1082
ICICI Pru Bluechip Fund - Regular - Growth,2022,4,64.5453
ICICI Pru Bluechip Fund - Regular - Growth,2022,5,65.976
ICICI Pru Bluechip Fund - Regular - Growth,2022,6,66.019
ICICI Pru Bluechip Fund - Regular - Growth,2022,7,72.1502
ICICI Pru Bluechip Fund - Regular - Growth,2022,8,75.8302
ICICI Pru Bluechip Fund - Regular - Growth,2022,9,73.154
ICICI Pru Bluechip Fund - Regular - Growth,2022,10,74.3468
ICICI Pru Bluechip Fund - Regular - Growth,2022,11,77.1965
ICICI Pru Bluechip Fund - Regular - Growth,2022,12,78.957
ICICI Pru Bluechip Fund - Regular - Growth,2023,1,79.5248
ICICI Pru Bluechip Fund - Regular - Growth,2023,2,77.6852
ICICI Pru Bluechip Fund - Regular - Growth,2023,3,78.4346
ICICI Pru Bluechip Fund - Regular - Growth,2023,4,80.4847
ICICI Pru Bluechip Fund - Regular - Growth,2023,5,79.7505
ICICI Pru Bluechip Fund - Regular - Growth,2023,6,78.6867
ICICI Pru Bluechip Fund - Regular - Growth,2023,7,77.0625
ICICI Pru Bluechip Fund - Regular - Growth,2023,8,75.9568
ICICI Pru Bluechip Fund - Regular - Growth,2023,9,80.4739
ICICI Pru Bluechip Fund - Regular - Growth,2023,10,77.0978
ICICI Pru Bluechip Fund - Regular - Growth,2023,11,74.1601
ICICI Pru Bluechip Fund - Regular - Growth,2023,12,74.0165
ICICI Pru Bluechip Fund - Regular - Growth,2024,1,76.7013
ICICI Pru Bluechip Fund - Regular - Growth,2024,2,80.8431
ICICI Pru Bluechip Fund - Regular - Growth,2024,3,84.1664
ICICI Pru Bluechip Fund - Regular - Growth,2024,4,87.8806
ICICI Pru Bluechip Fund - Regular - Growth,2024,5,90.7904
ICICI Pru Bluechip Fund - Regular - Growth,2024,6,94.4693
ICICI Pru Bluechip Fund - Regular - Growth,2024,7,95.15
ICICI Pru Bluechip Fund - Regular - Growth,2024,8,92.8567
ICICI Pru Bluechip Fund - Regular - Growth,2024,9,96.2704
ICICI Pru Bluechip Fund - Regular - Growth,2024,10,99.0911
ICICI Pru Bluechip Fund - Regular - Growth,2024,11,105.3346
ICICI Pru Bluechip Fund - Regular - Growth,2024,12,104.435
ICICI Pru Bluechip Fund - Regular - Growth,2025,1,106.0462
ICICI Pru Bluechip Fund - Regular - Growth,2025,2,113.1839
ICICI Pru Bluechip Fund - Regular - Growth,2025,3,111.6101
ICICI Pru Bluechip Fund - Regular - Growth,2025,4,108.5748
ICICI Pru Bluechip Fund - Regular - Growth,2025,5,110.3359
ICICI Pru Bluechip Fund - Regular - Growth,2025,6,112.6636
ICICI Pru Bluechip Fund - Regular - Growth,2025,7,111.9721
ICICI Pru Bluechip Fund - Regular - Growth,2025,8,110.8848
ICICI Pru Bluechip Fund - Regular - Growth,2025,9,110.9964
ICICI Pru Bluechip Fund - Regular - Growth,2025,10,113.7487
ICICI Pru Bluechip Fund - Regular - Growth,2025,11,112.4097
ICICI Pru Bluechip Fund - Regular - Growth,2025,12,113.7886
ICICI Pru Bluechip Fund - Regular - Growth,2026,1,109.1191
ICICI Pru Bluechip Fund - Regular - Growth,2026,2,102.8407
ICICI Pru Bluechip Fund - Regular - Growth,2026,3,106.1707
ICICI Pru Bluechip Fund - Regular - Growth,2026,4,112.7014
ICICI Pru Bluechip Fund - Regular - Growth,2026,5,115.0834
ICICI Pru Liquid Fund - Regular - Growth,2022,1,287.0252
ICICI Pru Liquid Fund - Regular - Growth,2022,2,288.9347
ICICI Pru Liquid Fund - Regular - Growth,2022,3,290.4639
ICICI Pru Liquid Fund - Regular - Growth,2022,4,291.7222
ICICI Pru Liquid Fund - Regular - Growth,2022,5,293.2928
ICICI Pru Liquid Fund - Regular - Growth,2022,6,295.5326
ICICI Pru Liquid Fund - Regular - Growth,2022,7,297.3958
ICICI Pru Liquid Fund - Regular - Growth,2022,8,299.0258
ICICI Pru Liquid Fund - Regular - Growth,2022,9,300.6838
ICICI Pru Liquid Fund - Regular - Growth,2022,10,302.0134
ICICI Pru Liquid Fund - Regular - Growth,2022,11,303.5745
ICICI Pru Liquid Fund - Regular - Growth,2022,12,305.0378
ICICI Pru Liquid Fund - Regular - Growth,2023,1,306.16
ICICI Pru Liquid Fund - Regular - Growth,2023,2,307.5104
ICICI Pru Liquid Fund - Regular - Growth,2023,3,309.6648
ICICI Pru Liquid Fund - Regular - Growth,2023,4,311.0117
ICICI Pru Liquid Fund - Regular - Growth,2023,5,312.824
ICICI Pru Liquid Fund - Regular - Growth,2023,6,315.1061
ICICI Pru Liquid Fund - Regular - Growth,2023,7,317.3746
ICICI Pru Liquid Fund - Regular - Growth,2023,8,319.3465
ICICI Pru Liquid Fund - Regular - Growth,2023,9,321.0621
ICICI Pru Liquid Fund - Regular - Growth,2023,10,322.7818
ICICI Pru Liquid Fund - Regular - Growth,2023,11,324.9346
ICICI Pru Liquid Fund - Regular - Growth,2023,12,326.5723
ICICI Pru Liquid Fund - Regular - Growth,2024,1,328.6043
ICICI Pru Liquid Fund - Regular - Growth,2024,2,331.019
ICICI Pru Liquid Fund - Regular - Growth,2024,3,332.7295
ICICI Pru Liquid Fund - Regular - Growth,2024,4,334.5295
ICICI Pru Liquid Fund - Regular - Growth,2024,5,336.639
ICICI Pru Liquid Fund - Regular - Growth,2024,6,338.0479
ICICI Pru Liquid Fund - Regular - Growth,2024,7,340.3559
ICICI Pru Liquid Fund - Regular - Growth,2024,8,342.0722
ICICI Pru Liquid Fund - Regular - Growth,2024,9,344.4031
ICICI Pru Liquid Fund - Regular - Growth,2024,10,346.3447
ICICI Pru Liquid Fund - Regular - Growth,2024,11,348.4657
ICICI Pru Liquid Fund - Regular - Growth,2024,12,350.6732
ICICI Pru Liquid Fund - Regular - Growth,2025,1,352.538
ICICI Pru Liquid Fund - Regular - Growth,2025,2,355.1865
ICICI Pru Liquid Fund - Regular - Growth,2025,3,357.2882
ICICI Pru Liquid Fund - Regular - Growth,2025,4,359.4652
ICICI Pru Liquid Fund - Regular - Growth,2025,5,361.0635
ICICI Pru Liquid Fund - Regular - Growth,2025,6,363.1778
ICICI Pru Liquid Fund - Regular - Growth,2025,7,365.4905
ICICI Pru Liquid Fund - Regular - Growth,2025,8,367.3663
ICICI Pru Liquid Fund - Regular - Growth,2025,9,369.5735
ICICI Pru Liquid Fund - Regular - Growth,2025,10,371.749
ICICI Pru Liquid Fund - Regular - Growth,2025,11,373.2263
ICICI Pru Liquid Fund - Regular - Growth,2025,12,374.8703
ICICI Pru Liquid Fund - Regular - Growth,2026,1,377.9488
ICICI Pru Liquid Fund - Regular - Growth,2026,2,379.9804
ICICI Pru Liquid Fund - Regular - Growth,2026,3,381.9102
ICICI Pru Liquid Fund - Regular - Growth,2026,4,384.7002
ICICI Pru Liquid Fund - Regular - Growth,2026,5,387.5094
ICICI Pru Midcap Fund - Regular - Growth,2022,1,139.6489
ICICI Pru Midcap Fund - Regular - Growth,2022,2,154.5133
ICICI Pru Midcap Fund - Regular - Growth,2022,3,170.951
ICICI Pru Midcap Fund - Regular - Growth,2022,4,184.2955
ICICI Pru Midcap Fund - Regular - Growth,2022,5,187.0986
ICICI Pru Midcap Fund - Regular - Growth,2022,6,180.0486
ICICI Pru Midcap Fund - Regular - Growth,2022,7,176.1211
ICICI Pru Midcap Fund - Regular - Growth,2022,8,193.3023
ICICI Pru Midcap Fund - Regular - Growth,2022,9,199.3146
ICICI Pru Midcap Fund - Regular - Growth,2022,10,201.9262
ICICI Pru Midcap Fund - Regular - Growth,2022,11,207.3596
ICICI Pru Midcap Fund - Regular - Growth,2022,12,208.5288
ICICI Pru Midcap Fund - Regular - Growth,2023,1,205.9916
ICICI Pru Midcap Fund - Regular - Growth,2023,2,203.8818
ICICI Pru Midcap Fund - Regular - Growth,2023,3,200.6579
ICICI Pru Midcap Fund - Regular - Growth,2023,4,195.106
ICICI Pru Midcap Fund - Regular - Growth,2023,5,198.212
ICICI Pru Midcap Fund - Regular - Growth,2023,6,215.3592
ICICI Pru Midcap Fund - Regular - Growth,2023,7,211.7201
ICICI Pru Midcap Fund - Regular - Growth,2023,8,227.2071
ICICI Pru Midcap Fund - Regular - Growth,2023,9,247.0671
ICICI Pru Midcap Fund - Regular - Growth,2023,10,276.1978
ICICI Pru Midcap Fund - Regular - Growth,2023,11,276.9662
ICICI Pru Midcap Fund - Regular - Growth,2023,12,277.467
ICICI Pru Midcap Fund - Regular - Growth,2024,1,270.6437
ICICI Pru Midcap Fund - Regular - Growth,2024,2,274.0119
ICICI Pru Midcap Fund - Regular - Growth,2024,3,282.8189
ICICI Pru Midcap Fund - Regular - Growth,2024,4,303.8043
ICICI Pru Midcap Fund - Regular - Growth,2024,5,296.5636
ICICI Pru Midcap Fund - Regular - Growth,2024,6,299.5176
ICICI Pru Midcap Fund - Regular - Growth,2024,7,308.1563
ICICI Pru Midcap Fund - Regular - Growth,2024,8,298.184
ICICI Pru Midcap Fund - Regular - Growth,2024,9,302.3282
ICICI Pru Midcap Fund - Regular - Growth,2024,10,325.7212
ICICI Pru Midcap Fund - Regular - Growth,2024,11,332.663
ICICI Pru Midcap Fund - Regular - Growth,2024,12,318.7701
ICICI Pru Midcap Fund - Regular - Growth,2025,1,291.2255
ICICI Pru Midcap Fund - Regular - Growth,2025,2,313.3981
ICICI Pru Midcap Fund - Regular - Growth,2025,3,339.6649
ICICI Pru Midcap Fund - Regular - Growth,2025,4,345.0176
ICICI Pru Midcap Fund - Regular - Growth,2025,5,357.3998
ICICI Pru Midcap Fund - Regular - Growth,2025,6,363.8508
ICICI Pru Midcap Fund - Regular - Growth,2025,7,375.5537
ICICI Pru Midcap Fund - Regular - Growth,2025,8,376.5276
ICICI Pru Midcap Fund - Regular - Growth,2025,9,375.7781
ICICI Pru Midcap Fund - Regular - Growth,2025,10,385.5649
ICICI Pru Midcap Fund - Regular - Growth,2025,11,373.4889
ICICI Pru Midcap Fund - Regular - Growth,2025,12,390.3528
ICICI Pru Midcap Fund - Regular - Growth,2026,1,406.4982
ICICI Pru Midcap Fund - Regular - Growth,2026,2,433.3492
ICICI Pru Midcap Fund - Regular - Growth,2026,3,447.7343
ICICI Pru Midcap Fund - Regular - Growth,2026,4,453.4751
ICICI Pru Midcap Fund - Regular - Growth,2026,5,468.5491
ICICI Pru Value Discovery Fund - Regular - Growth,2022,1,205.1069
ICICI Pru Value Discovery Fund - Regular - Growth,2022,2,215.0276
ICICI Pru Value Discovery Fund - Regular - Growth,2022,3,225.5001
ICICI Pru Value Discovery Fund - Regular - Growth,2022,4,233.2055
ICICI Pru Value Discovery Fund - Regular - Growth,2022,5,226.8173
ICICI Pru Value Discovery Fund - Regular - Growth,2022,6,226.5466
ICICI Pru Value Discovery Fund - Regular - Growth,2022,7,218.622
ICICI Pru Value Discovery Fund - Regular - Growth,2022,8,222.1825
ICICI Pru Value Discovery Fund - Regular - Growth,2022,9,224.0297
ICICI Pru Value Discovery Fund - Regular - Growth,2022,10,219.6615
ICICI Pru Value Discovery Fund - Regular - Growth,2022,11,215.0091
ICICI Pru Value Discovery Fund - Regular - Growth,2022,12,219.901
ICICI Pru Value Discovery Fund - Regular - Growth,2023,1,242.405
ICICI Pru Value Discovery Fund - Regular - Growth,2023,2,256.647
ICICI Pru Value Discovery Fund - Regular - Growth,2023,3,267.4721
ICICI Pru Value Discovery Fund - Regular - Growth,2023,4,265.0546
ICICI Pru Value Discovery Fund - Regular - Growth,2023,5,252.8897
ICICI Pru Value Discovery Fund - Regular - Growth,2023,6,248.0204
ICICI Pru Value Discovery Fund - Regular - Growth,2023,7,239.911
ICICI Pru Value Discovery Fund - Regular - Growth,2023,8,227.5594
ICICI Pru Value Discovery Fund - Regular - Growth,2023,9,230.9627
ICICI Pru Value Discovery Fund - Regular - Growth,2023,10,239.2767
ICICI Pru Value Discovery Fund - Regular - Growth,2023,11,244.9654
ICICI Pru Value Discovery Fund - Regular - Growth,2023,12,264.1743
ICICI Pru Value Discovery Fund - Regular - Growth,2024,1,272.1545
ICICI Pru Value Discovery Fund - Regular - Growth,2024,2,281.8607
ICICI Pru Value Discovery Fund - Regular - Growth,2024,3,296.1852
ICICI Pru Value Discovery Fund - Regular - Growth,2024,4,289.2511
ICICI Pru Value Discovery Fund - Regular - Growth,2024,5,263.3308
ICICI Pru Value Discovery Fund - Regular - Growth,2024,6,258.2159
ICICI Pru Value Discovery Fund - Regular - Growth,2024,7,264.0926
ICICI Pru Value Discovery Fund - Regular - Growth,2024,8,275.7476
ICICI Pru Value Discovery Fund - Regular - Growth,2024,9,270.9919
ICICI Pru Value Discovery Fund - Regular - Growth,2024,10,270.0351
ICICI Pru Value Discovery Fund - Regular - Growth,2024,11,270.923
ICICI Pru Value Discovery Fund - Regular - Growth,2024,12,266.2426
ICICI Pru Value Discovery Fund - Regular - Growth,2025,1,261.4502
ICICI Pru Value Discovery Fund - Regular - Growth,2025,2,276.5529
ICICI Pru Value Discovery Fund - Regular - Growth,2025,3,275.27
ICICI Pru Value Discovery Fund - Regular - Growth,2025,4,265.2867
ICICI Pru Value Discovery Fund - Regular - Growth,2025,5,275.2967
ICICI Pru Value Discovery Fund - Regular - Growth,2025,6,302.4905
ICICI Pru Value Discovery Fund - Regular - Growth,2025,7,317.2418
ICICI Pru Value Discovery Fund - Regular - Growth,2025,8,329.2585
ICICI Pru Value Discovery Fund - Regular - Growth,2025,9,330.6339
ICICI Pru Value Discovery Fund - Regular - Growth,2025,10,330.3535
ICICI Pru Value Discovery Fund - Regular - Growth,2025,11,346.4448
ICICI Pru Value Discovery Fund - Regular - Growth,2025,12,362.3879
ICICI Pru Value Discovery Fund - Regular - Growth,2026,1,370.9263
ICICI Pru Value Discovery Fund - Regular - Growth,2026,2,391.9845
ICICI Pru Value Discovery Fund - Regular - Growth,2026,3,403.5703
ICICI Pru Value Discovery Fund - Regular - Growth,2026,4,399.049
ICICI Pru Value Discovery Fund - Regular - Growth,2026,5,396.7153
Kotak Bluechip Fund - Regular - Growth,2022,1,275.8496
Kotak Bluechip Fund - Regular - Growth,2022,2,268.9231
Kotak Bluechip Fund - Regular - Growth,2022,3,269.5124
Kotak Bluechip Fund - Regular - Growth,2022,4,259.5595
Kotak Bluechip Fund - Regular - Growth,2022,5,257.7351
Kotak Bluechip Fund - Regular - Growth,2022,6,258.073
Kotak Bluechip Fund - Regular - Growth,2022,7,251.6863
Kotak Bluechip Fund - Regular - Growth,2022,8,255.0127
Kotak Bluechip Fund - Regular - Growth,2022,9,264.2964
Kotak Bluechip Fund - Regular - Growth,2022,10,267.2896
Kotak Bluechip Fund - Regular - Growth,2022,11,272.9658
Kotak Bluechip Fund - Regular - Growth,2022,12,271.7761
Kotak Bluechip Fund - Regular - Growth,2023,1,276.9198
Kotak Bluechip Fund - Regular - Growth,2023,2,281.1297
Kotak Bluechip Fund - Regular - Growth,2023,3,286.0564
Kotak Bluechip Fund - Regular - Growth,2023,4,289.3623
Kotak Bluechip Fund - Regular - Growth,2023,5,295.9189
Kotak Bluechip Fund - Regular - Growth,2023,6,304.4436
Kotak Bluechip Fund - Regular - Growth,2023,7,306.6825
Kotak Bluechip Fund - Regular - Growth,2023,8,311.4427
Kotak Bluechip Fund - Regular - Growth,2023,9,340.7328
Kotak Bluechip Fund - Regular - Growth,2023,10,364.942
Kotak Bluechip Fund - Regular - Growth,2023,11,395.6276
Kotak Bluechip Fund - Regular - Growth,2023,12,408.8664
Kotak Bluechip Fund - Regular - Growth,2024,1,422.949
Kotak Bluechip Fund - Regular - Growth,2024,2,398.225
Kotak Bluechip Fund - Regular - Growth,2024,3,378.5977
Kotak Bluechip Fund - Regular - Growth,2024,4,385.2361
Kotak Bluechip Fund - Regular - Growth,2024,5,392.4455
Kotak Bluechip Fund - Regular - Growth,2024,6,397.1539
Kotak Bluechip Fund - Regular - Growth,2024,7,406.4987
Kotak Bluechip Fund - Regular - Growth,2024,8,396.7602
Kotak Bluechip Fund - Regular - Growth,2024,9,415.1618
Kotak Bluechip Fund - Regular - Growth,2024,10,414.4597
Kotak Bluechip Fund - Regular - Growth,2024,11,408.3454
Kotak Bluechip Fund - Regular - Growth,2024,12,397.1652
Kotak Bluechip Fund - Regular - Growth,2025,1,386.762
Kotak Bluechip Fund - Regular - Growth,2025,2,369.656
Kotak Bluechip Fund - Regular - Growth,2025,3,391.188
Kotak Bluechip Fund - Regular - Growth,2025,4,401.4036
Kotak Bluechip Fund - Regular - Growth,2025,5,415.2016
Kotak Bluechip Fund - Regular - Growth,2025,6,406.4007
Kotak Bluechip Fund - Regular - Growth,2025,7,385.7276
Kotak Bluechip Fund - Regular - Growth,2025,8,371.1831
Kotak Bluechip Fund - Regular - Growth,2025,9,374.3845
Kotak Bluechip Fund - Regular - Growth,2025,10,391.3601
Kotak Bluechip Fund - Regular - Growth,2025,11,420.8132
Kotak Bluechip Fund - Regular - Growth,2025,12,434.9353
Kotak Bluechip Fund - Regular - Growth,2026,1,434.1191
Kotak Bluechip Fund - Regular - Growth,2026,2,447.1155
Kotak Bluechip Fund - Regular - Growth,2026,3,433.6941
Kotak Bluechip Fund - Regular - Growth,2026,4,438.7525
Kotak Bluechip Fund - Regular - Growth,2026,5,466.8846
Kotak Emerging Equity Fund - Regular - Growth,2022,1,65.0628
Kotak Emerging Equity Fund - Regular - Growth,2022,2,69.1987
Kotak Emerging Equity Fund - Regular - Growth,2022,3,69.2773
Kotak Emerging Equity Fund - Regular - Growth,2022,4,63.1504
Kotak Emerging Equity Fund - Regular - Growth,2022,5,60.3535
Kotak Emerging Equity Fund - Regular - Growth,2022,6,62.5431
Kotak Emerging Equity Fund - Regular - Growth,2022,7,59.4613
Kotak Emerging Equity Fund - Regular - Growth,2022,8,60.3176
Kotak Emerging Equity Fund - Regular - Growth,2022,9,62.2572
Kotak Emerging Equity Fund - Regular - Growth,2022,10,61.795
Kotak Emerging Equity Fund - Regular - Growth,2022,11,60.9337
Kotak Emerging Equity Fund - Regular - Growth,2022,12,64.2185
Kotak Emerging Equity Fund - Regular - Growth,2023,1,65.8216
Kotak Emerging Equity Fund - Regular - Growth,2023,2,63.6928
Kotak Emerging Equity Fund - Regular - Growth,2023,3,64.0123
Kotak Emerging Equity Fund - Regular - Growth,2023,4,65.4078
Kotak Emerging Equity Fund - Regular - Growth,2023,5,65.6724
Kotak Emerging Equity Fund - Regular - Growth,2023,6,64.279
Kotak Emerging Equity Fund - Regular - Growth,2023,7,63.3939
Kotak Emerging Equity Fund - Regular - Growth,2023,8,69.5631
Kotak Emerging Equity Fund - Regular - Growth,2023,9,73.7888
Kotak Emerging Equity Fund - Regular - Growth,2023,10,75.5659
Kotak Emerging Equity Fund - Regular - Growth,2023,11,76.3408
Kotak Emerging Equity Fund - Regular - Growth,2023,12,69.1616
Kotak Emerging Equity Fund - Regular - Growth,2024,1,67.2043
Kotak Emerging Equity Fund - Regular - Growth,2024,2,65.7899
Kotak Emerging Equity Fund - Regular - Growth,2024,3,63.4747
Kotak Emerging Equity Fund - Regular - Growth,2024,4,62.6931
Kotak Emerging Equity Fund - Regular - Growth,2024,5,63.4299
Kotak Emerging Equity Fund - Regular - Growth,2024,6,64.7128
Kotak Emerging Equity Fund - Regular - Growth,2024,7,64.993
Kotak Emerging Equity Fund - Regular - Growth,2024,8,62.3978
Kotak Emerging Equity Fund - Regular - Growth,2024,9,65.4981
Kotak Emerging Equity Fund - Regular - Growth,2024,10,63.8596
Kotak Emerging Equity Fund - Regular - Growth,2024,11,67.1472
Kotak Emerging Equity Fund - Regular - Growth,2024,12,63.8818
Kotak Emerging Equity Fund - Regular - Growth,2025,1,70.548
Kotak Emerging Equity Fund - Regular - Growth,2025,2,68.2434
Kotak Emerging Equity Fund - Regular - Growth,2025,3,71.5066
Kotak Emerging Equity Fund - Regular - Growth,2025,4,74.416
Kotak Emerging Equity Fund - Regular - Growth,2025,5,70.6753
Kotak Emerging Equity Fund - Regular - Growth,2025,6,69.0653
Kotak Emerging Equity Fund - Regular - Growth,2025,7,69.6548
Kotak Emerging Equity Fund - Regular - Growth,2025,8,73.34
Kotak Emerging Equity Fund - Regular - Growth,2025,9,72.8086
Kotak Emerging Equity Fund - Regular - Growth,2025,10,79.5105
Kotak Emerging Equity Fund - Regular - Growth,2025,11,77.509
Kotak Emerging Equity Fund - Regular - Growth,2025,12,73.6141
Kotak Emerging Equity Fund - Regular - Growth,2026,1,69.2476
Kotak Emerging Equity Fund - Regular - Growth,2026,2,67.985
Kotak Emerging Equity Fund - Regular - Growth,2026,3,71.712
Kotak Emerging Equity Fund - Regular - Growth,2026,4,76.2123
Kotak Emerging Equity Fund - Regular - Growth,2026,5,79.7594
Kotak Flexicap Fund - Regular - Growth,2022,1,49.2526
Kotak Flexicap Fund - Regular - Growth,2022,2,48.4339
Kotak Flexicap Fund - Regular - Growth,2022,3,49.1915
Kotak Flexicap Fund - Regular - Growth,2022,4,45.6607
Kotak Flexicap Fund - Regular - Growth,2022,5,46.5966
Kotak Flexicap Fund - Regular - Growth,2022,6,48.4785
Kotak Flexicap Fund - Regular - Growth,2022,7,48.5361
Kotak Flexicap Fund - Regular - Growth,2022,8,48.5604
Kotak Flexicap Fund - Regular - Growth,2022,9,50.8652
Kotak Flexicap Fund - Regular - Growth,2022,10,54.6279
Kotak Flexicap Fund - Regular - Growth,2022,11,56.2811
Kotak Flexicap Fund - Regular - Growth,2022,12,57.5658
Kotak Flexicap Fund - Regular - Growth,2023,1,60.7488
Kotak Flexicap Fund - Regular - Growth,2023,2,67.2093
Kotak Flexicap Fund - Regular - Growth,2023,3,71.8501
Kotak Flexicap Fund - Regular - Growth,2023,4,72.4449
Kotak Flexicap Fund - Regular - Growth,2023,5,74.9303
Kotak Flexicap Fund - Regular - Growth,2023,6,78.942
Kotak Flexicap Fund - Regular - Growth,2023,7,81.7684
Kotak Flexicap Fund - Regular - Growth,2023,8,79.7947
Kotak Flexicap Fund - Regular - Growth,2023,9,81.9643
Kotak Flexicap Fund - Regular - Growth,2023,10,83.1447
Kotak Flexicap Fund - Regular - Growth,2023,11,85.7548
Kotak Flexicap Fund - Regular - Growth,2023,12,87.7527
Kotak Flexicap Fund - Regular - Growth,2024,1,85.615
Kotak Flexicap Fund - Regular - Growth,2024,2,85.0836
Kotak Flexicap Fund - Regular - Growth,2024,3,87.4241
Kotak Flexicap Fund - Regular - Growth,2024,4,93.7053
Kotak Flexicap Fund - Regular - Growth,2024,5,92.0853
Kotak Flexicap Fund - Regular - Growth,2024,6,97.8629
Kotak Flexicap Fund - Regular - Growth,2024,7,96.6739
Kotak Flexicap Fund - Regular - Growth,2024,8,94.3271
Kotak Flexicap Fund - Regular - Growth,2024,9,95.4004
Kotak Flexicap Fund - Regular - Growth,2024,10,111.6263
Kotak Flexicap Fund - Regular - Growth,2024,11,130.526
Kotak Flexicap Fund - Regular - Growth,2024,12,131.2705
Kotak Flexicap Fund - Regular - Growth,2025,1,131.136
Kotak Flexicap Fund - Regular - Growth,2025,2,134.8373
Kotak Flexicap Fund - Regular - Growth,2025,3,127.6726
Kotak Flexicap Fund - Regular - Growth,2025,4,125.2813
Kotak Flexicap Fund - Regular - Growth,2025,5,127.4359
Kotak Flexicap Fund - Regular - Growth,2025,6,126.693
Kotak Flexicap Fund - Regular - Growth,2025,7,127.4843
Kotak Flexicap Fund - Regular - Growth,2025,8,132.5313
Kotak Flexicap Fund - Regular - Growth,2025,9,132.0458
Kotak Flexicap Fund - Regular - Growth,2025,10,136.6395
Kotak Flexicap Fund - Regular - Growth,2025,11,148.4521
Kotak Flexicap Fund - Regular - Growth,2025,12,163.9612
Kotak Flexicap Fund - Regular - Growth,2026,1,164.3629
Kotak Flexicap Fund - Regular - Growth,2026,2,166.1264
Kotak Flexicap Fund - Regular - Growth,2026,3,162.0513
Kotak Flexicap Fund - Regular - Growth,2026,4,176.6595
Kotak Flexicap Fund - Regular - Growth,2026,5,171.2019
Kotak Liquid Fund - Regular - Growth,2022,1,3192.6192
Kotak Liquid Fund - Regular - Growth,2022,2,3213.6805
Kotak Liquid Fund - Regular - Growth,2022,3,3235.8185
Kotak Liquid Fund - Regular - Growth,2022,4,3260.8842
Kotak Liquid Fund - Regular - Growth,2022,5,3274.7843
Kotak Liquid Fund - Regular - Growth,2022,6,3291.4389
Kotak Liquid Fund - Regular - Growth,2022,7,3312.6645
Kotak Liquid Fund - Regular - Growth,2022,8,3330.9332
Kotak Liquid Fund - Regular - Growth,2022,9,3353.3772
Kotak Liquid Fund - Regular - Growth,2022,10,3374.1026
Kotak Liquid Fund - Regular - Growth,2022,11,3390.8609
Kotak Liquid Fund - Regular - Growth,2022,12,3405.4898
Kotak Liquid Fund - Regular - Growth,2023,1,3429.0859
Kotak Liquid Fund - Regular - Growth,2023,2,3446.7134
Kotak Liquid Fund - Regular - Growth,2023,3,3467.6261
Kotak Liquid Fund - Regular - Growth,2023,4,3492.3772
Kotak Liquid Fund - Regular - Growth,2023,5,3512.8676
Kotak Liquid Fund - Regular - Growth,2023,6,3519.8051
Kotak Liquid Fund - Regular - Growth,2023,7,3540.2376
Kotak Liquid Fund - Regular - Growth,2023,8,3565.8911
Kotak Liquid Fund - Regular - Growth,2023,9,3584.081
Kotak Liquid Fund - Regular - Growth,2023,10,3609.1935
Kotak Liquid Fund - Regular - Growth,2023,11,3633.2571
Kotak Liquid Fund - Regular - Growth,2023,12,3653.3756
Kotak Liquid Fund - Regular - Growth,2024,1,3670.9163
Kotak Liquid Fund - Regular - Growth,2024,2,3690.1886
Kotak Liquid Fund - Regular - Growth,2024,3,3712.4396
Kotak Liquid Fund - Regular - Growth,2024,4,3734.4584
Kotak Liquid Fund - Regular - Growth,2024,5,3739.5943
Kotak Liquid Fund - Regular - Growth,2024,6,3759.5224
Kotak Liquid Fund - Regular - Growth,2024,7,3780.5013
Kotak Liquid Fund - Regular - Growth,2024,8,3796.9491
Kotak Liquid Fund - Regular - Growth,2024,9,3810.2149
Kotak Liquid Fund - Regular - Growth,2024,10,3825.964
Kotak Liquid Fund - Regular - Growth,2024,11,3842.6086
Kotak Liquid Fund - Regular - Growth,2024,12,3865.677
Kotak Liquid Fund - Regular - Growth,2025,1,3888.8832
Kotak Liquid Fund - Regular - Growth,2025,2,3903.2893
Kotak Liquid Fund - Regular - Growth,2025,3,3928.2026
Kotak Liquid Fund - Regular - Growth,2025,4,3950.24
Kotak Liquid Fund - Regular - Growth,2025,5,3972.9085
Kotak Liquid Fund - Regular - Growth,2025,6,3995.0862
Kotak Liquid Fund - Regular - Growth,2025,7,4014.7518
Kotak Liquid Fund - Regular - Growth,2025,8,4034.9771
Kotak Liquid Fund - Regular - Growth,2025,9,4051.7804
Kotak Liquid Fund - Regular - Growth,2025,10,4077.3583
Kotak Liquid Fund - Regular - Growth,2025,11,4108.2784
Kotak Liquid Fund - Regular - Growth,2025,12,4134.4688
Kotak Liquid Fund - Regular - Growth,2026,1,4155.2429
Kotak Liquid Fund - Regular - Growth,2026,2,4181.9668
Kotak Liquid Fund - Regular - Growth,2026,3,4204.9449
Kotak Liquid Fund - Regular - Growth,2026,4,4227.4038
Kotak Liquid Fund - Regular - Growth,2026,5,4255.0443
Mirae Asset Emerging Bluechip Fund - Regular - Growth,2022,1,83.9684
Mirae Asset Emerging Bluechip Fund - Regular - Growth,2022,2,81.3049
Mirae Asset Emerging Bluechip Fund - Regular - Growth,2022,3,83.2873
Mirae Asset Emerging Bluechip Fund - Regular - Growth,2022,4,84.9676
Mirae Asset Emerging Bluechip Fund - Regular - Growth,2022,5,83.4631
Mirae Asset Emerging Bluechip Fund - Regular - Growth,2022,6,83.3369
Mirae Asset Emerging Bluechip Fund - Regular - Growth,2022,7,82.4937
Mirae Asset Emerging Bluechip Fund - Regular - Growth,2022,8,85.438
Mirae Asset Emerging Bluechip Fund - Regular - Growth,2022,9,94.0105
Mirae Asset Emerging Bluechip Fund - Regular - Growth,2022,10,101.3762
Mirae Asset Emerging Bluechip Fund - Regular - Growth,2022,11,113.5846
Mirae Asset Emerging Bluechip Fund - Regular - Growth,2022,12,119.291
Mirae Asset Emerging Bluechip Fund - Regular - Growth,2023,1,122.4837
Mirae Asset Emerging Bluechip Fund - Regular - Growth,2023,2,126.0347
Mirae Asset Emerging Bluechip Fund - Regular - Growth,2023,3,123.7216
Mirae Asset Emerging Bluechip Fund - Regular - Growth,2023,4,128.3324
Mirae Asset Emerging Bluechip Fund - Regular - Growth,2023,5,133.2038
Mirae Asset Emerging Bluechip Fund - Regular - Growth,2023,6,141.0208
Mirae Asset Emerging Bluechip Fund - Regular - Growth,2023,7,140.3679
Mirae Asset Emerging Bluechip Fund - Regular - Growth,2023,8,143.0493
Mirae Asset Emerging Bluechip Fund - Regular - Growth,2023,9,150.4235
Mirae Asset Emerging Bluechip Fund - Regular - Growth,2023,10,148.4239
Mirae Asset Emerging Bluechip Fund - Regular - Growth,2023,11,147.1699
Mirae Asset Emerging Bluechip Fund - Regular - Growth,2023,12,141.454
Mirae Asset Emerging Bluechip Fund - Regular - Growth,2024,1,135.1738
Mirae Asset Emerging Bluechip Fund - Regular - Growth,2024,2,140.4463
Mirae Asset Emerging Bluechip Fund - Regular - Growth,2024,3,149.9217
Mirae Asset Emerging Bluechip Fund - Regular - Growth,2024,4,151.1817
Mirae Asset Emerging Bluechip Fund - Regular - Growth,2024,5,157.021
Mirae Asset Emerging Bluechip Fund - Regular - Growth,2024,6,163.5017
Mirae Asset Emerging Bluechip Fund - Regular - Growth,2024,7,168.0967
Mirae Asset Emerging Bluechip Fund - Regular - Growth,2024,8,173.2517
Mirae Asset Emerging Bluechip Fund - Regular - Growth,2024,9,171.4555
Mirae Asset Emerging Bluechip Fund - Regular - Growth,2024,10,176.6711
Mirae Asset Emerging Bluechip Fund - Regular - Growth,2024,11,176.5952
Mirae Asset Emerging Bluechip Fund - Regular - Growth,2024,12,171.7837
Mirae Asset Emerging Bluechip Fund - Regular - Growth,2025,1,166.686
Mirae Asset Emerging Bluechip Fund - Regular - Growth,2025,2,168.8407
Mirae Asset Emerging Bluechip Fund - Regular - Growth,2025,3,177.242
Mirae Asset Emerging Bluechip Fund - Regular - Growth,2025,4,182.3239
Mirae Asset Emerging Bluechip Fund - Regular - Growth,2025,5,181.5516
Mirae Asset Emerging Bluechip Fund - Regular - Growth,2025,6,189.2083
Mirae Asset Emerging Bluechip Fund - Regular - Growth,2025,7,190.794
Mirae Asset Emerging Bluechip Fund - Regular - Growth,2025,8,182.0191
Mirae Asset Emerging Bluechip Fund - Regular - Growth,2025,9,176.5606
Mirae Asset Emerging Bluechip Fund - Regular - Growth,2025,10,182.0228
Mirae Asset Emerging Bluechip Fund - Regular - Growth,2025,11,187.0072
Mirae Asset Emerging Bluechip Fund - Regular - Growth,2025,12,184.8874
Mirae Asset Emerging Bluechip Fund - Regular - Growth,2026,1,197.7982
Mirae Asset Emerging Bluechip Fund - Regular - Growth,2026,2,193.7455
Mirae Asset Emerging Bluechip Fund - Regular - Growth,2026,3,190.7117
Mirae Asset Emerging Bluechip Fund - Regular - Growth,2026,4,201.4964
Mirae Asset Emerging Bluechip Fund - Regular - Growth,2026,5,199.9504
Mirae Asset Large Cap Fund - Regular - Growth,2022,1,75.9528
Mirae Asset Large Cap Fund - Regular - Growth,2022,2,79.716
Mirae Asset Large Cap Fund - Regular - Growth,2022,3,80.5379
Mirae Asset Large Cap Fund - Regular - Growth,2022,4,83.0946
Mirae Asset Large Cap Fund - Regular - Growth,2022,5,84.2955
Mirae Asset Large Cap Fund - Regular - Growth,2022,6,86.6641
Mirae Asset Large Cap Fund - Regular - Growth,2022,7,87.4725
Mirae Asset Large Cap Fund - Regular - Growth,2022,8,88.0353
Mirae Asset Large Cap Fund - Regular - Growth,2022,9,90.3585
Mirae Asset Large Cap Fund - Regular - Growth,2022,10,92.9799
Mirae Asset Large Cap Fund - Regular - Growth,2022,11,95.6009
Mirae Asset Large Cap Fund - Regular - Growth,2022,12,98.0695
Mirae Asset Large Cap Fund - Regular - Growth,2023,1,98.1527
Mirae Asset Large Cap Fund - Regular - Growth,2023,2,95.5115
Mirae Asset Large Cap Fund - Regular - Growth,2023,3,94.3158
Mirae Asset Large Cap Fund - Regular - Growth,2023,4,92.7927
Mirae Asset Large Cap Fund - Regular - Growth,2023,5,94.5099
Mirae Asset Large Cap Fund - Regular - Growth,2023,6,97.3909
Mirae Asset Large Cap Fund - Regular - Growth,2023,7,98.4871
Mirae Asset Large Cap Fund - Regular - Growth,2023,8,95.3921
Mirae Asset Large Cap Fund - Regular - Growth,2023,9,92.5701
Mirae Asset Large Cap Fund - Regular - Growth,2023,10,91.6773
Mirae Asset Large Cap Fund - Regular - Growth,2023,11,96.0593
Mirae Asset Large Cap Fund - Regular - Growth,2023,12,96.7118
Mirae Asset Large Cap Fund - Regular - Growth,2024,1,95.5339
Mirae Asset Large Cap Fund - Regular - Growth,2024,2,101.5201
Mirae Asset Large Cap Fund - Regular - Growth,2024,3,111.9987
Mirae Asset Large Cap Fund - Regular - Growth,2024,4,118.4456
Mirae Asset Large Cap Fund - Regular - Growth,2024,5,117.4219
Mirae Asset Large Cap Fund - Regular - Growth,2024,6,120.7387
Mirae Asset Large Cap Fund - Regular - Growth,2024,7,123.3777
Mirae Asset Large Cap Fund - Regular - Growth,2024,8,127.4909
Mirae Asset Large Cap Fund - Regular - Growth,2024,9,130.6074
Mirae Asset Large Cap Fund - Regular - Growth,2024,10,132.5379
Mirae Asset Large Cap Fund - Regular - Growth,2024,11,147.8452
Mirae Asset Large Cap Fund - Regular - Growth,2024,12,160.0411
Mirae Asset Large Cap Fund - Regular - Growth,2025,1,169.1244
Mirae Asset Large Cap Fund - Regular - Growth,2025,2,164.5599
Mirae Asset Large Cap Fund - Regular - Growth,2025,3,169.5765
Mirae Asset Large Cap Fund - Regular - Growth,2025,4,181.0427
Mirae Asset Large Cap Fund - Regular - Growth,2025,5,189.8065
Mirae Asset Large Cap Fund - Regular - Growth,2025,6,200.6314
Mirae Asset Large Cap Fund - Regular - Growth,2025,7,208.8237
Mirae Asset Large Cap Fund - Regular - Growth,2025,8,209.2184
Mirae Asset Large Cap Fund - Regular - Growth,2025,9,219.0108
Mirae Asset Large Cap Fund - Regular - Growth,2025,10,222.4849
Mirae Asset Large Cap Fund - Regular - Growth,2025,11,223.3568
Mirae Asset Large Cap Fund - Regular - Growth,2025,12,231.7085
Mirae Asset Large Cap Fund - Regular - Growth,2026,1,229.3946
Mirae Asset Large Cap Fund - Regular - Growth,2026,2,225.702
Mirae Asset Large Cap Fund - Regular - Growth,2026,3,232.8247
Mirae Asset Large Cap Fund - Regular - Growth,2026,4,244.2687
Mirae Asset Large Cap Fund - Regular - Growth,2026,5,238.2183
Mirae Asset Tax Saver Fund - Regular - Growth,2022,1,29.3605
Mirae Asset Tax Saver Fund - Regular - Growth,2022,2,29.3489
Mirae Asset Tax Saver Fund - Regular - Growth,2022,3,30.4357
Mirae Asset Tax Saver Fund - Regular - Growth,2022,4,33.3758
Mirae Asset Tax Saver Fund - Regular - Growth,2022,5,33.3226
Mirae Asset Tax Saver Fund - Regular - Growth,2022,6,34.9466
Mirae Asset Tax Saver Fund - Regular - Growth,2022,7,35.5468
Mirae Asset Tax Saver Fund - Regular - Growth,2022,8,36.5188
Mirae Asset Tax Saver Fund - Regular - Growth,2022,9,35.9264
Mirae Asset Tax Saver Fund - Regular - Growth,2022,10,36.663
Mirae Asset Tax Saver Fund - Regular - Growth,2022,11,37.7747
Mirae Asset Tax Saver Fund - Regular - Growth,2022,12,41.1136
Mirae Asset Tax Saver Fund - Regular - Growth,2023,1,42.4523
Mirae Asset Tax Saver Fund - Regular - Growth,2023,2,45.7851
Mirae Asset Tax Saver Fund - Regular - Growth,2023,3,48.4233
Mirae Asset Tax Saver Fund - Regular - Growth,2023,4,47.2346
Mirae Asset Tax Saver Fund - Regular - Growth,2023,5,45.6304
Mirae Asset Tax Saver Fund - Regular - Growth,2023,6,48.5361
Mirae Asset Tax Saver Fund - Regular - Growth,2023,7,52.4647
Mirae Asset Tax Saver Fund - Regular - Growth,2023,8,53.4507
Mirae Asset Tax Saver Fund - Regular - Growth,2023,9,50.6914
Mirae Asset Tax Saver Fund - Regular - Growth,2023,10,47.4659
Mirae Asset Tax Saver Fund - Regular - Growth,2023,11,46.6007
Mirae Asset Tax Saver Fund - Regular - Growth,2023,12,48.978
Mirae Asset Tax Saver Fund - Regular - Growth,2024,1,49.2838
Mirae Asset Tax Saver Fund - Regular - Growth,2024,2,48.5641
Mirae Asset Tax Saver Fund - Regular - Growth,2024,3,50.6384
Mirae Asset Tax Saver Fund - Regular - Growth,2024,4,55.6578
Mirae Asset Tax Saver Fund - Regular - Growth,2024,5,55.323
Mirae Asset Tax Saver Fund - Regular - Growth,2024,6,53.9425
Mirae Asset Tax Saver Fund - Regular - Growth,2024,7,56.5881
Mirae Asset Tax Saver Fund - Regular - Growth,2024,8,59.3137
Mirae Asset Tax Saver Fund - Regular - Growth,2024,9,58.6887
Mirae Asset Tax Saver Fund - Regular - Growth,2024,10,58.3709
Mirae Asset Tax Saver Fund - Regular - Growth,2024,11,61.0328
Mirae Asset Tax Saver Fund - Regular - Growth,2024,12,59.0832
Mirae Asset Tax Saver Fund - Regular - Growth,2025,1,58.1011
Mirae Asset Tax Saver Fund - Regular - Growth,2025,2,62.1645
Mirae Asset Tax Saver Fund - Regular - Growth,2025,3,65.9067
Mirae Asset Tax Saver Fund - Regular - Growth,2025,4,70.0776
Mirae Asset Tax Saver Fund - Regular - Growth,2025,5,69.3731
Mirae Asset Tax Saver Fund - Regular - Growth,2025,6,67.6546
Mirae Asset Tax Saver Fund - Regular - Growth,2025,7,70.6328
Mirae Asset Tax Saver Fund - Regular - Growth,2025,8,69.6097
Mirae Asset Tax Saver Fund - Regular - Growth,2025,9,70.0177
Mirae Asset Tax Saver Fund - Regular - Growth,2025,10,69.0614
Mirae Asset Tax Saver Fund - Regular - Growth,2025,11,74.6274
Mirae Asset Tax Saver Fund - Regular - Growth,2025,12,75.1369
Mirae Asset Tax Saver Fund - Regular - Growth,2026,1,74.9087
Mirae Asset Tax Saver Fund - Regular - Growth,2026,2,77.6907
Mirae Asset Tax Saver Fund - Regular - Growth,2026,3,80.2011
Mirae Asset Tax Saver Fund - Regular - Growth,2026,4,85.221
Mirae Asset Tax Saver Fund - Regular - Growth,2026,5,90.9565
Nippon India ETF Nifty 50 BeES,2022,1,162.5124
Nippon India ETF Nifty 50 BeES,2022,2,162.6451
Nippon India ETF Nifty 50 BeES,2022,3,162.9435
Nippon India ETF Nifty 50 BeES,2022,4,164.6529
Nippon India ETF Nifty 50 BeES,2022,5,160.0449
Nippon India ETF Nifty 50 BeES,2022,6,155.9568
Nippon India ETF Nifty 50 BeES,2022,7,158.6443
Nippon India ETF Nifty 50 BeES,2022,8,160.6713
Nippon India ETF Nifty 50 BeES,2022,9,162.6528
Nippon India ETF Nifty 50 BeES,2022,10,158.5443
Nippon India ETF Nifty 50 BeES,2022,11,156.6284
Nippon India ETF Nifty 50 BeES,2022,12,163.2004
Nippon India ETF Nifty 50 BeES,2023,1,170.6297
Nippon India ETF Nifty 50 BeES,2023,2,176.9145
Nippon India ETF Nifty 50 BeES,2023,3,184.887
Nippon India ETF Nifty 50 BeES,2023,4,189.5829
Nippon India ETF Nifty 50 BeES,2023,5,188.5691
Nippon India ETF Nifty 50 BeES,2023,6,203.494
Nippon India ETF Nifty 50 BeES,2023,7,210.0051
Nippon India ETF Nifty 50 BeES,2023,8,214.6791
Nippon India ETF Nifty 50 BeES,2023,9,211.1017
Nippon India ETF Nifty 50 BeES,2023,10,208.369
Nippon India ETF Nifty 50 BeES,2023,11,221.3227
Nippon India ETF Nifty 50 BeES,2023,12,223.0529
Nippon India ETF Nifty 50 BeES,2024,1,221.9282
Nippon India ETF Nifty 50 BeES,2024,2,218.1446
Nippon India ETF Nifty 50 BeES,2024,3,220.8871
Nippon India ETF Nifty 50 BeES,2024,4,224.9258
Nippon India ETF Nifty 50 BeES,2024,5,224.8417
Nippon India ETF Nifty 50 BeES,2024,6,222.718
Nippon India ETF Nifty 50 BeES,2024,7,226.8211
Nippon India ETF Nifty 50 BeES,2024,8,243.263
Nippon India ETF Nifty 50 BeES,2024,9,247.1384
Nippon India ETF Nifty 50 BeES,2024,10,248.5972
Nippon India ETF Nifty 50 BeES,2024,11,255.3982
Nippon India ETF Nifty 50 BeES,2024,12,247.9034
Nippon India ETF Nifty 50 BeES,2025,1,249.9619
Nippon India ETF Nifty 50 BeES,2025,2,259.2101
Nippon India ETF Nifty 50 BeES,2025,3,262.2577
Nippon India ETF Nifty 50 BeES,2025,4,263.974
Nippon India ETF Nifty 50 BeES,2025,5,259.1777
Nippon India ETF Nifty 50 BeES,2025,6,265.4123
Nippon India ETF Nifty 50 BeES,2025,7,283.0305
Nippon India ETF Nifty 50 BeES,2025,8,293.2287
Nippon India ETF Nifty 50 BeES,2025,9,293.2703
Nippon India ETF Nifty 50 BeES,2025,10,292.0056
Nippon India ETF Nifty 50 BeES,2025,11,304.2319
Nippon India ETF Nifty 50 BeES,2025,12,314.4274
Nippon India ETF Nifty 50 BeES,2026,1,326.3846
Nippon India ETF Nifty 50 BeES,2026,2,327.4611
Nippon India ETF Nifty 50 BeES,2026,3,322.8771
Nippon India ETF Nifty 50 BeES,2026,4,321.401
Nippon India ETF Nifty 50 BeES,2026,5,326.5614
Nippon India Gilt Securities Fund - Regular - Growth,2022,1,30.3371
Nippon India Gilt Securities Fund - Regular - Growth,2022,2,30.7794
Nippon India Gilt Securities Fund - Regular - Growth,2022,3,31.2641
Nippon India Gilt Securities Fund - Regular - Growth,2022,4,32.009
Nippon India Gilt Securities Fund - Regular - Growth,2022,5,32.635
Nippon India Gilt Securities Fund - Regular - Growth,2022,6,32.4363
Nippon India Gilt Securities Fund - Regular - Growth,2022,7,32.8877
Nippon India Gilt Securities Fund - Regular - Growth,2022,8,33.0327
Nippon India Gilt Securities Fund - Regular - Growth,2022,9,32.9102
Nippon India Gilt Securities Fund - Regular - Growth,2022,10,33.2833
Nippon India Gilt Securities Fund - Regular - Growth,2022,11,33.4628
Nippon India Gilt Securities Fund - Regular - Growth,2022,12,33.6832
Nippon India Gilt Securities Fund - Regular - Growth,2023,1,33.8465
Nippon India Gilt Securities Fund - Regular - Growth,2023,2,33.9632
Nippon India Gilt Securities Fund - Regular - Growth,2023,3,33.8836
Nippon India Gilt Securities Fund - Regular - Growth,2023,4,33.6202
Nippon India Gilt Securities Fund - Regular - Growth,2023,5,33.5009
Nippon India Gilt Securities Fund - Regular - Growth,2023,6,33.8732
Nippon India Gilt Securities Fund - Regular - Growth,2023,7,33.4148
Nippon India Gilt Securities Fund - Regular - Growth,2023,8,32.722
Nippon India Gilt Securities Fund - Regular - Growth,2023,9,32.4902
Nippon India Gilt Securities Fund - Regular - Growth,2023,10,32.3621
Nippon India Gilt Securities Fund - Regular - Growth,2023,11,32.4534
Nippon India Gilt Securities Fund - Regular - Growth,2023,12,32.3871
Nippon India Gilt Securities Fund - Regular - Growth,2024,1,31.9299
Nippon India Gilt Securities Fund - Regular - Growth,2024,2,31.5132
Nippon India Gilt Securities Fund - Regular - Growth,2024,3,31.8714
Nippon India Gilt Securities Fund - Regular - Growth,2024,4,32.0672
Nippon India Gilt Securities Fund - Regular - Growth,2024,5,32.1923
Nippon India Gilt Securities Fund - Regular - Growth,2024,6,31.844
Nippon India Gilt Securities Fund - Regular - Growth,2024,7,32.0371
Nippon India Gilt Securities Fund - Regular - Growth,2024,8,32.6919
Nippon India Gilt Securities Fund - Regular - Growth,2024,9,33.0281
Nippon India Gilt Securities Fund - Regular - Growth,2024,10,33.7006
Nippon India Gilt Securities Fund - Regular - Growth,2024,11,34.6797
Nippon India Gilt Securities Fund - Regular - Growth,2024,12,34.6997
Nippon India Gilt Securities Fund - Regular - Growth,2025,1,34.5012
Nippon India Gilt Securities Fund - Regular - Growth,2025,2,34.0903
Nippon India Gilt Securities Fund - Regular - Growth,2025,3,33.4913
Nippon India Gilt Securities Fund - Regular - Growth,2025,4,33.9181
Nippon India Gilt Securities Fund - Regular - Growth,2025,5,34.1638
Nippon India Gilt Securities Fund - Regular - Growth,2025,6,34.2276
Nippon India Gilt Securities Fund - Regular - Growth,2025,7,34.1338
Nippon India Gilt Securities Fund - Regular - Growth,2025,8,34.7833
Nippon India Gilt Securities Fund - Regular - Growth,2025,9,35.0737
Nippon India Gilt Securities Fund - Regular - Growth,2025,10,35.1506
Nippon India Gilt Securities Fund - Regular - Growth,2025,11,35.862
Nippon India Gilt Securities Fund - Regular - Growth,2025,12,36.5539
Nippon India Gilt Securities Fund - Regular - Growth,2026,1,37.1327
Nippon India Gilt Securities Fund - Regular - Growth,2026,2,37.3385
Nippon India Gilt Securities Fund - Regular - Growth,2026,3,37.1609
Nippon India Gilt Securities Fund - Regular - Growth,2026,4,37.1208
Nippon India Gilt Securities Fund - Regular - Growth,2026,5,37.4903
Nippon India Large Cap Fund - Direct - Growth,2022,1,46.1243
Nippon India Large Cap Fund - Direct - Growth,2022,2,47.7785
Nippon India Large Cap Fund - Direct - Growth,2022,3,48.9556
Nippon India Large Cap Fund - Direct - Growth,2022,4,51.0152
Nippon India Large Cap Fund - Direct - Growth,2022,5,52.3261
Nippon India Large Cap Fund - Direct - Growth,2022,6,52.958
Nippon India Large Cap Fund - Direct - Growth,2022,7,51.5724
Nippon India Large Cap Fund - Direct - Growth,2022,8,53.6812
Nippon India Large Cap Fund - Direct - Growth,2022,9,54.8953
Nippon India Large Cap Fund - Direct - Growth,2022,10,54.5727
Nippon India Large Cap Fund - Direct - Growth,2022,11,53.374
Nippon India Large Cap Fund - Direct - Growth,2022,12,54.088
Nippon India Large Cap Fund - Direct - Growth,2023,1,53.4649
Nippon India Large Cap Fund - Direct - Growth,2023,2,52.9674
Nippon India Large Cap Fund - Direct - Growth,2023,3,53.0904
Nippon India Large Cap Fund - Direct - Growth,2023,4,51.5225
Nippon India Large Cap Fund - Direct - Growth,2023,5,51.7865
Nippon India Large Cap Fund - Direct - Growth,2023,6,51.27
Nippon India Large Cap Fund - Direct - Growth,2023,7,55.0632
Nippon India Large Cap Fund - Direct - Growth,2023,8,58.9878
Nippon India Large Cap Fund - Direct - Growth,2023,9,58.8582
Nippon India Large Cap Fund - Direct - Growth,2023,10,61.2518
Nippon India Large Cap Fund - Direct - Growth,2023,11,59.4588
Nippon India Large Cap Fund - Direct - Growth,2023,12,58.2288
Nippon India Large Cap Fund - Direct - Growth,2024,1,53.4797
Nippon India Large Cap Fund - Direct - Growth,2024,2,52.7506
Nippon India Large Cap Fund - Direct - Growth,2024,3,53.0095
Nippon India Large Cap Fund - Direct - Growth,2024,4,54.5025
Nippon India Large Cap Fund - Direct - Growth,2024,5,55.8481
Nippon India Large Cap Fund - Direct - Growth,2024,6,58.1807
Nippon India Large Cap Fund - Direct - Growth,2024,7,61.7894
Nippon India Large Cap Fund - Direct - Growth,2024,8,62.184
Nippon India Large Cap Fund - Direct - Growth,2024,9,61.7609
Nippon India Large Cap Fund - Direct - Growth,2024,10,59.9734
Nippon India Large Cap Fund - Direct - Growth,2024,11,59.2711
Nippon India Large Cap Fund - Direct - Growth,2024,12,57.4783
Nippon India Large Cap Fund - Direct - Growth,2025,1,62.3918
Nippon India Large Cap Fund - Direct - Growth,2025,2,66.0642
Nippon India Large Cap Fund - Direct - Growth,2025,3,67.9914
Nippon India Large Cap Fund - Direct - Growth,2025,4,70.0791
Nippon India Large Cap Fund - Direct - Growth,2025,5,70.6582
Nippon India Large Cap Fund - Direct - Growth,2025,6,72.5483
Nippon India Large Cap Fund - Direct - Growth,2025,7,75.2493
Nippon India Large Cap Fund - Direct - Growth,2025,8,77.4432
Nippon India Large Cap Fund - Direct - Growth,2025,9,78.0334
Nippon India Large Cap Fund - Direct - Growth,2025,10,82.7992
Nippon India Large Cap Fund - Direct - Growth,2025,11,81.571
Nippon India Large Cap Fund - Direct - Growth,2025,12,79.5266
Nippon India Large Cap Fund - Direct - Growth,2026,1,82.5426
Nippon India Large Cap Fund - Direct - Growth,2026,2,86.1642
Nippon India Large Cap Fund - Direct - Growth,2026,3,86.171
Nippon India Large Cap Fund - Direct - Growth,2026,4,86.3151
Nippon India Large Cap Fund - Direct - Growth,2026,5,89.5148
Nippon India Large Cap Fund - Regular - Growth,2022,1,43.9918
Nippon India Large Cap Fund - Regular - Growth,2022,2,46.245
Nippon India Large Cap Fund - Regular - Growth,2022,3,47.7185
Nippon India Large Cap Fund - Regular - Growth,2022,4,51.4166
Nippon India Large Cap Fund - Regular - Growth,2022,5,54.0439
Nippon India Large Cap Fund - Regular - Growth,2022,6,53.1654
Nippon India Large Cap Fund - Regular - Growth,2022,7,54.1627
Nippon India Large Cap Fund - Regular - Growth,2022,8,53.091
Nippon India Large Cap Fund - Regular - Growth,2022,9,53.2324
Nippon India Large Cap Fund - Regular - Growth,2022,10,53.2806
Nippon India Large Cap Fund - Regular - Growth,2022,11,50.9405
Nippon India Large Cap Fund - Regular - Growth,2022,12,50.7422
Nippon India Large Cap Fund - Regular - Growth,2023,1,55.4638
Nippon India Large Cap Fund - Regular - Growth,2023,2,58.6849
Nippon India Large Cap Fund - Regular - Growth,2023,3,61.0751
Nippon India Large Cap Fund - Regular - Growth,2023,4,63.048
Nippon India Large Cap Fund - Regular - Growth,2023,5,60.7707
Nippon India Large Cap Fund - Regular - Growth,2023,6,64.8235
Nippon India Large Cap Fund - Regular - Growth,2023,7,68.4831
Nippon India Large Cap Fund - Regular - Growth,2023,8,72.2926
Nippon India Large Cap Fund - Regular - Growth,2023,9,72.8214
Nippon India Large Cap Fund - Regular - Growth,2023,10,75.8764
Nippon India Large Cap Fund - Regular - Growth,2023,11,78.2717
Nippon India Large Cap Fund - Regular - Growth,2023,12,80.1956
Nippon India Large Cap Fund - Regular - Growth,2024,1,80.2519
Nippon India Large Cap Fund - Regular - Growth,2024,2,78.8905
Nippon India Large Cap Fund - Regular - Growth,2024,3,77.5276
Nippon India Large Cap Fund - Regular - Growth,2024,4,76.1153
Nippon India Large Cap Fund - Regular - Growth,2024,5,73.5852
Nippon India Large Cap Fund - Regular - Growth,2024,6,70.6219
Nippon India Large Cap Fund - Regular - Growth,2024,7,68.7538
Nippon India Large Cap Fund - Regular - Growth,2024,8,69.9422
Nippon India Large Cap Fund - Regular - Growth,2024,9,72.951
Nippon India Large Cap Fund - Regular - Growth,2024,10,73.1022
Nippon India Large Cap Fund - Regular - Growth,2024,11,77.8769
Nippon India Large Cap Fund - Regular - Growth,2024,12,79.1271
Nippon India Large Cap Fund - Regular - Growth,2025,1,77.296
Nippon India Large Cap Fund - Regular - Growth,2025,2,78.9525
Nippon India Large Cap Fund - Regular - Growth,2025,3,79.0457
Nippon India Large Cap Fund - Regular - Growth,2025,4,79.249
Nippon India Large Cap Fund - Regular - Growth,2025,5,81.4194
Nippon India Large Cap Fund - Regular - Growth,2025,6,89.2903
Nippon India Large Cap Fund - Regular - Growth,2025,7,90.884
Nippon India Large Cap Fund - Regular - Growth,2025,8,94.6204
Nippon India Large Cap Fund - Regular - Growth,2025,9,94.6802
Nippon India Large Cap Fund - Regular - Growth,2025,10,97.3513
Nippon India Large Cap Fund - Regular - Growth,2025,11,97.5848
Nippon India Large Cap Fund - Regular - Growth,2025,12,96.0252
Nippon India Large Cap Fund - Regular - Growth,2026,1,97.503
Nippon India Large Cap Fund - Regular - Growth,2026,2,100.5281
Nippon India Large Cap Fund - Regular - Growth,2026,3,104.2519
Nippon India Large Cap Fund - Regular - Growth,2026,4,111.7238
Nippon India Large Cap Fund - Regular - Growth,2026,5,109.6209
Nippon India Small Cap Fund - Regular - Growth,2022,1,62.5761
Nippon India Small Cap Fund - Regular - Growth,2022,2,62.6806
Nippon India Small Cap Fund - Regular - Growth,2022,3,66.9941
Nippon India Small Cap Fund - Regular - Growth,2022,4,71.325
Nippon India Small Cap Fund - Regular - Growth,2022,5,75.883
Nippon India Small Cap Fund - Regular - Growth,2022,6,72.6733
Nippon India Small Cap Fund - Regular - Growth,2022,7,70.5949
Nippon India Small Cap Fund - Regular - Growth,2022,8,71.9143
Nippon India Small Cap Fund - Regular - Growth,2022,9,77.4894
Nippon India Small Cap Fund - Regular - Growth,2022,10,78.1128
Nippon India Small Cap Fund - Regular - Growth,2022,11,88.7308
Nippon India Small Cap Fund - Regular - Growth,2022,12,93.6545
Nippon India Small Cap Fund - Regular - Growth,2023,1,109.4332
Nippon India Small Cap Fund - Regular - Growth,2023,2,116.6113
Nippon India Small Cap Fund - Regular - Growth,2023,3,111.7306
Nippon India Small Cap Fund - Regular - Growth,2023,4,118.2393
Nippon India Small Cap Fund - Regular - Growth,2023,5,111.2585
Nippon India Small Cap Fund - Regular - Growth,2023,6,102.1119
Nippon India Small Cap Fund - Regular - Growth,2023,7,105.3988
Nippon India Small Cap Fund - Regular - Growth,2023,8,100.3837
Nippon India Small Cap Fund - Regular - Growth,2023,9,105.7004
Nippon India Small Cap Fund - Regular - Growth,2023,10,110.5972
Nippon India Small Cap Fund - Regular - Growth,2023,11,114.8549
Nippon India Small Cap Fund - Regular - Growth,2023,12,102.7663
Nippon India Small Cap Fund - Regular - Growth,2024,1,101.2475
Nippon India Small Cap Fund - Regular - Growth,2024,2,101.7046
Nippon India Small Cap Fund - Regular - Growth,2024,3,106.6066
Nippon India Small Cap Fund - Regular - Growth,2024,4,117.9695
Nippon India Small Cap Fund - Regular - Growth,2024,5,115.1033
Nippon India Small Cap Fund - Regular - Growth,2024,6,119.2755
Nippon India Small Cap Fund - Regular - Growth,2024,7,117.3246
Nippon India Small Cap Fund - Regular - Growth,2024,8,119.0875
Nippon India Small Cap Fund - Regular - Growth,2024,9,112.9162
Nippon India Small Cap Fund - Regular - Growth,2024,10,109.0616
Nippon India Small Cap Fund - Regular - Growth,2024,11,109.6154
Nippon India Small Cap Fund - Regular - Growth,2024,12,107.2487
Nippon India Small Cap Fund - Regular - Growth,2025,1,109.2668
Nippon India Small Cap Fund - Regular - Growth,2025,2,116.3824
Nippon India Small Cap Fund - Regular - Growth,2025,3,116.1023
Nippon India Small Cap Fund - Regular - Growth,2025,4,122.1134
Nippon India Small Cap Fund - Regular - Growth,2025,5,120.1683
Nippon India Small Cap Fund - Regular - Growth,2025,6,112.8052
Nippon India Small Cap Fund - Regular - Growth,2025,7,103.917
Nippon India Small Cap Fund - Regular - Growth,2025,8,101.7789
Nippon India Small Cap Fund - Regular - Growth,2025,9,104.4073
Nippon India Small Cap Fund - Regular - Growth,2025,10,105.7845
Nippon India Small Cap Fund - Regular - Growth,2025,11,110.5989
Nippon India Small Cap Fund - Regular - Growth,2025,12,110.6819
Nippon India Small Cap Fund - Regular - Growth,2026,1,108.0582
Nippon India Small Cap Fund - Regular - Growth,2026,2,100.5413
Nippon India Small Cap Fund - Regular - Growth,2026,3,110.7774
Nippon India Small Cap Fund - Regular - Growth,2026,4,126.1611
Nippon India Small Cap Fund - Regular - Growth,2026,5,135.2072
SBI Bluechip Fund - Direct Plan - Growth,2022,1,58.7394
SBI Bluechip Fund - Direct Plan - Growth,2022,2,60.4931
SBI Bluechip Fund - Direct Plan - Growth,2022,3,59.0215
SBI Bluechip Fund - Direct Plan - Growth,2022,4,60.1338
SBI Bluechip Fund - Direct Plan - Growth,2022,5,62.8941
SBI Bluechip Fund - Direct Plan - Growth,2022,6,62.7822
SBI Bluechip Fund - Direct Plan - Growth,2022,7,64.3381
SBI Bluechip Fund - Direct Plan - Growth,2022,8,65.9761
SBI Bluechip Fund - Direct Plan - Growth,2022,9,66.3941
SBI Bluechip Fund - Direct Plan - Growth,2022,10,64.1556
SBI Bluechip Fund - Direct Plan - Growth,2022,11,63.1957
SBI Bluechip Fund - Direct Plan - Growth,2022,12,67.0709
SBI Bluechip Fund - Direct Plan - Growth,2023,1,71.3908
SBI Bluechip Fund - Direct Plan - Growth,2023,2,74.5911
SBI Bluechip Fund - Direct Plan - Growth,2023,3,80.2149
SBI Bluechip Fund - Direct Plan - Growth,2023,4,81.4588
SBI Bluechip Fund - Direct Plan - Growth,2023,5,88.38
SBI Bluechip Fund - Direct Plan - Growth,2023,6,91.4573
SBI Bluechip Fund - Direct Plan - Growth,2023,7,90.2602
SBI Bluechip Fund - Direct Plan - Growth,2023,8,88.8723
SBI Bluechip Fund - Direct Plan - Growth,2023,9,86.3069
SBI Bluechip Fund - Direct Plan - Growth,2023,10,86.881
SBI Bluechip Fund - Direct Plan - Growth,2023,11,92.0505
SBI Bluechip Fund - Direct Plan - Growth,2023,12,98.8259
SBI Bluechip Fund - Direct Plan - Growth,2024,1,101.8242
SBI Bluechip Fund - Direct Plan - Growth,2024,2,106.2613
SBI Bluechip Fund - Direct Plan - Growth,2024,3,110.7567
SBI Bluechip Fund - Direct Plan - Growth,2024,4,113.5409
SBI Bluechip Fund - Direct Plan - Growth,2024,5,120.4953
SBI Bluechip Fund - Direct Plan - Growth,2024,6,116.1406
SBI Bluechip Fund - Direct Plan - Growth,2024,7,113.1639
SBI Bluechip Fund - Direct Plan - Growth,2024,8,111.1323
SBI Bluechip Fund - Direct Plan - Growth,2024,9,112.7783
SBI Bluechip Fund - Direct Plan - Growth,2024,10,115.354
SBI Bluechip Fund - Direct Plan - Growth,2024,11,116.5676
SBI Bluechip Fund - Direct Plan - Growth,2024,12,117.1077
SBI Bluechip Fund - Direct Plan - Growth,2025,1,119.3895
SBI Bluechip Fund - Direct Plan - Growth,2025,2,124.456
SBI Bluechip Fund - Direct Plan - Growth,2025,3,128.2421
SBI Bluechip Fund - Direct Plan - Growth,2025,4,129.3535
SBI Bluechip Fund - Direct Plan - Growth,2025,5,125.7056
SBI Bluechip Fund - Direct Plan - Growth,2025,6,126.5223
SBI Bluechip Fund - Direct Plan - Growth,2025,7,128.2721
SBI Bluechip Fund - Direct Plan - Growth,2025,8,126.3338
SBI Bluechip Fund - Direct Plan - Growth,2025,9,125.8678
SBI Bluechip Fund - Direct Plan - Growth,2025,10,129.0592
SBI Bluechip Fund - Direct Plan - Growth,2025,11,128.1932
SBI Bluechip Fund - Direct Plan - Growth,2025,12,130.7793
SBI Bluechip Fund - Direct Plan - Growth,2026,1,132.5395
SBI Bluechip Fund - Direct Plan - Growth,2026,2,135.6587
SBI Bluechip Fund - Direct Plan - Growth,2026,3,136.6834
SBI Bluechip Fund - Direct Plan - Growth,2026,4,135.5403
SBI Bluechip Fund - Direct Plan - Growth,2026,5,134.7335
SBI Bluechip Fund - Regular Plan - Growth,2022,1,55.0884
SBI Bluechip Fund - Regular Plan - Growth,2022,2,52.4818
SBI Bluechip Fund - Regular Plan - Growth,2022,3,50.8359
SBI Bluechip Fund - Regular Plan - Growth,2022,4,52.0363
SBI Bluechip Fund - Regular Plan - Growth,2022,5,51.8883
SBI Bluechip Fund - Regular Plan - Growth,2022,6,52.6814
SBI Bluechip Fund - Regular Plan - Growth,2022,7,52.6937
SBI Bluechip Fund - Regular Plan - Growth,2022,8,53.7734
SBI Bluechip Fund - Regular Plan - Growth,2022,9,56.5458
SBI Bluechip Fund - Regular Plan - Growth,2022,10,57.8837
SBI Bluechip Fund - Regular Plan - Growth,2022,11,60.8502
SBI Bluechip Fund - Regular Plan - Growth,2022,12,61.3497
SBI Bluechip Fund - Regular Plan - Growth,2023,1,60.2697
SBI Bluechip Fund - Regular Plan - Growth,2023,2,61.1346
SBI Bluechip Fund - Regular Plan - Growth,2023,3,64.589
SBI Bluechip Fund - Regular Plan - Growth,2023,4,67.359
SBI Bluechip Fund - Regular Plan - Growth,2023,5,66.2099
SBI Bluechip Fund - Regular Plan - Growth,2023,6,69.6245
SBI Bluechip Fund - Regular Plan - Growth,2023,7,70.8259
SBI Bluechip Fund - Regular Plan - Growth,2023,8,73.7556
SBI Bluechip Fund - Regular Plan - Growth,2023,9,74.0329
SBI Bluechip Fund - Regular Plan - Growth,2023,10,71.2114
SBI Bluechip Fund - Regular Plan - Growth,2023,11,72.889
SBI Bluechip Fund - Regular Plan - Growth,2023,12,72.1944
SBI Bluechip Fund - Regular Plan - Growth,2024,1,68.342
SBI Bluechip Fund - Regular Plan - Growth,2024,2,66.8681
SBI Bluechip Fund - Regular Plan - Growth,2024,3,67.3711
SBI Bluechip Fund - Regular Plan - Growth,2024,4,69.2138
SBI Bluechip Fund - Regular Plan - Growth,2024,5,72.8798
SBI Bluechip Fund - Regular Plan - Growth,2024,6,73.6522
SBI Bluechip Fund - Regular Plan - Growth,2024,7,73.6517
SBI Bluechip Fund - Regular Plan - Growth,2024,8,72.6288
SBI Bluechip Fund - Regular Plan - Growth,2024,9,73.0433
SBI Bluechip Fund - Regular Plan - Growth,2024,10,72.5913
SBI Bluechip Fund - Regular Plan - Growth,2024,11,71.3889
SBI Bluechip Fund - Regular Plan - Growth,2024,12,74.3899
SBI Bluechip Fund - Regular Plan - Growth,2025,1,77.0333
SBI Bluechip Fund - Regular Plan - Growth,2025,2,78.7644
SBI Bluechip Fund - Regular Plan - Growth,2025,3,81.9696
SBI Bluechip Fund - Regular Plan - Growth,2025,4,84.1216
SBI Bluechip Fund - Regular Plan - Growth,2025,5,88.9376
SBI Bluechip Fund - Regular Plan - Growth,2025,6,99.5813
SBI Bluechip Fund - Regular Plan - Growth,2025,7,106.164
SBI Bluechip Fund - Regular Plan - Growth,2025,8,104.9913
SBI Bluechip Fund - Regular Plan - Growth,2025,9,110.5374
SBI Bluechip Fund - Regular Plan - Growth,2025,10,107.119
SBI Bluechip Fund - Regular Plan - Growth,2025,11,113.712
SBI Bluechip Fund - Regular Plan - Growth,2025,12,121.1552
SBI Bluechip Fund - Regular Plan - Growth,2026,1,126.8675
SBI Bluechip Fund - Regular Plan - Growth,2026,2,124.6292
SBI Bluechip Fund - Regular Plan - Growth,2026,3,129.9909
SBI Bluechip Fund - Regular Plan - Growth,2026,4,137.7345
SBI Bluechip Fund - Regular Plan - Growth,2026,5,148.4039
SBI Magnum Gilt Fund - Regular Plan - Growth,2022,1,42.4273
SBI Magnum Gilt Fund - Regular Plan - Growth,2022,2,42.4498
SBI Magnum Gilt Fund - Regular Plan - Growth,2022,3,42.2507
SBI Magnum Gilt Fund - Regular Plan - Growth,2022,4,42.6594
SBI Magnum Gilt Fund - Regular Plan - Growth,2022,5,42.79
SBI Magnum Gilt Fund - Regular Plan - Growth,2022,6,43.6171
SBI Magnum Gilt Fund - Regular Plan - Growth,2022,7,43.954
SBI Magnum Gilt Fund - Regular Plan - Growth,2022,8,44.1795
SBI Magnum Gilt Fund - Regular Plan - Growth,2022,9,43.9798
SBI Magnum Gilt Fund - Regular Plan - Growth,2022,10,43.3302
SBI Magnum Gilt Fund - Regular Plan - Growth,2022,11,43.3805
SBI Magnum Gilt Fund - Regular Plan - Growth,2022,12,43.5758
SBI Magnum Gilt Fund - Regular Plan - Growth,2023,1,43.9472
SBI Magnum Gilt Fund - Regular Plan - Growth,2023,2,44.1953
SBI Magnum Gilt Fund - Regular Plan - Growth,2023,3,44.1206
SBI Magnum Gilt Fund - Regular Plan - Growth,2023,4,45.0175
SBI Magnum Gilt Fund - Regular Plan - Growth,2023,5,45.6449
SBI Magnum Gilt Fund - Regular Plan - Growth,2023,6,45.7431
SBI Magnum Gilt Fund - Regular Plan - Growth,2023,7,46.2678
SBI Magnum Gilt Fund - Regular Plan - Growth,2023,8,46.6171
SBI Magnum Gilt Fund - Regular Plan - Growth,2023,9,47.6127
SBI Magnum Gilt Fund - Regular Plan - Growth,2023,10,47.7936
SBI Magnum Gilt Fund - Regular Plan - Growth,2023,11,48.295
SBI Magnum Gilt Fund - Regular Plan - Growth,2023,12,48.5659
SBI Magnum Gilt Fund - Regular Plan - Growth,2024,1,48.716
SBI Magnum Gilt Fund - Regular Plan - Growth,2024,2,49.3904
SBI Magnum Gilt Fund - Regular Plan - Growth,2024,3,49.3996
SBI Magnum Gilt Fund - Regular Plan - Growth,2024,4,49.2358
SBI Magnum Gilt Fund - Regular Plan - Growth,2024,5,49.8184
SBI Magnum Gilt Fund - Regular Plan - Growth,2024,6,50.8396
SBI Magnum Gilt Fund - Regular Plan - Growth,2024,7,50.7715
SBI Magnum Gilt Fund - Regular Plan - Growth,2024,8,51.4338
SBI Magnum Gilt Fund - Regular Plan - Growth,2024,9,52.2342
SBI Magnum Gilt Fund - Regular Plan - Growth,2024,10,52.1138
SBI Magnum Gilt Fund - Regular Plan - Growth,2024,11,51.691
SBI Magnum Gilt Fund - Regular Plan - Growth,2024,12,51.2513
SBI Magnum Gilt Fund - Regular Plan - Growth,2025,1,51.0958
SBI Magnum Gilt Fund - Regular Plan - Growth,2025,2,50.715
SBI Magnum Gilt Fund - Regular Plan - Growth,2025,3,50.4453
SBI Magnum Gilt Fund - Regular Plan - Growth,2025,4,50.5552
SBI Magnum Gilt Fund - Regular Plan - Growth,2025,5,51.1194
SBI Magnum Gilt Fund - Regular Plan - Growth,2025,6,51.4791
SBI Magnum Gilt Fund - Regular Plan - Growth,2025,7,51.3332
SBI Magnum Gilt Fund - Regular Plan - Growth,2025,8,52.1906
SBI Magnum Gilt Fund - Regular Plan - Growth,2025,9,52.7948
SBI Magnum Gilt Fund - Regular Plan - Growth,2025,10,52.982
SBI Magnum Gilt Fund - Regular Plan - Growth,2025,11,53.4799
SBI Magnum Gilt Fund - Regular Plan - Growth,2025,12,53.7477
SBI Magnum Gilt Fund - Regular Plan - Growth,2026,1,54.351
SBI Magnum Gilt Fund - Regular Plan - Growth,2026,2,54.7731
SBI Magnum Gilt Fund - Regular Plan - Growth,2026,3,54.6141
SBI Magnum Gilt Fund - Regular Plan - Growth,2026,4,54.7162
SBI Magnum Gilt Fund - Regular Plan - Growth,2026,5,54.4627
SBI Small Cap Fund - Direct Plan - Growth,2022,1,95.8672
SBI Small Cap Fund - Direct Plan - Growth,2022,2,92.4115
SBI Small Cap Fund - Direct Plan - Growth,2022,3,92.0169
SBI Small Cap Fund - Direct Plan - Growth,2022,4,91.2652
SBI Small Cap Fund - Direct Plan - Growth,2022,5,100.4643
SBI Small Cap Fund - Direct Plan - Growth,2022,6,103.7861
SBI Small Cap Fund - Direct Plan - Growth,2022,7,110.0114
SBI Small Cap Fund - Direct Plan - Growth,2022,8,117.2919
SBI Small Cap Fund - Direct Plan - Growth,2022,9,116.5056
SBI Small Cap Fund - Direct Plan - Growth,2022,10,115.6966
SBI Small Cap Fund - Direct Plan - Growth,2022,11,124.8288
SBI Small Cap Fund - Direct Plan - Growth,2022,12,146.1583
SBI Small Cap Fund - Direct Plan - Growth,2023,1,155.0387
SBI Small Cap Fund - Direct Plan - Growth,2023,2,145.9802
SBI Small Cap Fund - Direct Plan - Growth,2023,3,143.6248
SBI Small Cap Fund - Direct Plan - Growth,2023,4,129.9857
SBI Small Cap Fund - Direct Plan - Growth,2023,5,118.1978
SBI Small Cap Fund - Direct Plan - Growth,2023,6,107.8864
SBI Small Cap Fund - Direct Plan - Growth,2023,7,107.566
SBI Small Cap Fund - Direct Plan - Growth,2023,8,102.962
SBI Small Cap Fund - Direct Plan - Growth,2023,9,99.2556
SBI Small Cap Fund - Direct Plan - Growth,2023,10,103.84
SBI Small Cap Fund - Direct Plan - Growth,2023,11,109.6888
SBI Small Cap Fund - Direct Plan - Growth,2023,12,113.9386
SBI Small Cap Fund - Direct Plan - Growth,2024,1,127.2195
SBI Small Cap Fund - Direct Plan - Growth,2024,2,119.2911
SBI Small Cap Fund - Direct Plan - Growth,2024,3,110.4719
SBI Small Cap Fund - Direct Plan - Growth,2024,4,108.8131
SBI Small Cap Fund - Direct Plan - Growth,2024,5,115.1552
SBI Small Cap Fund - Direct Plan - Growth,2024,6,113.1196
SBI Small Cap Fund - Direct Plan - Growth,2024,7,118.0475
SBI Small Cap Fund - Direct Plan - Growth,2024,8,123.3783
SBI Small Cap Fund - Direct Plan - Growth,2024,9,126.9948
SBI Small Cap Fund - Direct Plan - Growth,2024,10,123.5735
SBI Small Cap Fund - Direct Plan - Growth,2024,11,115.3163
SBI Small Cap Fund - Direct Plan - Growth,2024,12,101.098
SBI Small Cap Fund - Direct Plan - Growth,2025,1,103.4334
SBI Small Cap Fund - Direct Plan - Growth,2025,2,108.6474
SBI Small Cap Fund - Direct Plan - Growth,2025,3,102.9046
SBI Small Cap Fund - Direct Plan - Growth,2025,4,94.7557
SBI Small Cap Fund - Direct Plan - Growth,2025,5,94.5344
SBI Small Cap Fund - Direct Plan - Growth,2025,6,93.0972
SBI Small Cap Fund - Direct Plan - Growth,2025,7,92.8219
SBI Small Cap Fund - Direct Plan - Growth,2025,8,91.0077
SBI Small Cap Fund - Direct Plan - Growth,2025,9,90.8625
SBI Small Cap Fund - Direct Plan - Growth,2025,10,81.761
SBI Small Cap Fund - Direct Plan - Growth,2025,11,83.9035
SBI Small Cap Fund - Direct Plan - Growth,2025,12,93.2021
SBI Small Cap Fund - Direct Plan - Growth,2026,1,89.433
SBI Small Cap Fund - Direct Plan - Growth,2026,2,89.9744
SBI Small Cap Fund - Direct Plan - Growth,2026,3,95.3664
SBI Small Cap Fund - Direct Plan - Growth,2026,4,98.4522
SBI Small Cap Fund - Direct Plan - Growth,2026,5,101.9096
SBI Small Cap Fund - Regular Plan - Growth,2022,1,98.7249
SBI Small Cap Fund - Regular Plan - Growth,2022,2,109.4268
SBI Small Cap Fund - Regular Plan - Growth,2022,3,111.2646
SBI Small Cap Fund - Regular Plan - Growth,2022,4,106.9973
SBI Small Cap Fund - Regular Plan - Growth,2022,5,98.3539
SBI Small Cap Fund - Regular Plan - Growth,2022,6,100.6764
SBI Small Cap Fund - Regular Plan - Growth,2022,7,104.8074
SBI Small Cap Fund - Regular Plan - Growth,2022,8,106.3859
SBI Small Cap Fund - Regular Plan - Growth,2022,9,116.6091
SBI Small Cap Fund - Regular Plan - Growth,2022,10,120.3334
SBI Small Cap Fund - Regular Plan - Growth,2022,11,127.2284
SBI Small Cap Fund - Regular Plan - Growth,2022,12,130.4056
SBI Small Cap Fund - Regular Plan - Growth,2023,1,128.3671
SBI Small Cap Fund - Regular Plan - Growth,2023,2,138.8319
SBI Small Cap Fund - Regular Plan - Growth,2023,3,132.3334
SBI Small Cap Fund - Regular Plan - Growth,2023,4,151.3079
SBI Small Cap Fund - Regular Plan - Growth,2023,5,154.076
SBI Small Cap Fund - Regular Plan - Growth,2023,6,149.232
SBI Small Cap Fund - Regular Plan - Growth,2023,7,160.2849
SBI Small Cap Fund - Regular Plan - Growth,2023,8,184.9154
SBI Small Cap Fund - Regular Plan - Growth,2023,9,212.8924
SBI Small Cap Fund - Regular Plan - Growth,2023,10,215.8676
SBI Small Cap Fund - Regular Plan - Growth,2023,11,198.2851
SBI Small Cap Fund - Regular Plan - Growth,2023,12,191.9643
SBI Small Cap Fund - Regular Plan - Growth,2024,1,205.9576
SBI Small Cap Fund - Regular Plan - Growth,2024,2,210.4326
SBI Small Cap Fund - Regular Plan - Growth,2024,3,199.9932
SBI Small Cap Fund - Regular Plan - Growth,2024,4,181.8964
SBI Small Cap Fund - Regular Plan - Growth,2024,5,192.8938
SBI Small Cap Fund - Regular Plan - Growth,2024,6,211.7562
SBI Small Cap Fund - Regular Plan - Growth,2024,7,209.826
SBI Small Cap Fund - Regular Plan - Growth,2024,8,214.5937
SBI Small Cap Fund - Regular Plan - Growth,2024,9,214.9667
SBI Small Cap Fund - Regular Plan - Growth,2024,10,195.1034
SBI Small Cap Fund - Regular Plan - Growth,2024,11,186.5982
SBI Small Cap Fund - Regular Plan - Growth,2024,12,189.2127
SBI Small Cap Fund - Regular Plan - Growth,2025,1,199.2239
SBI Small Cap Fund - Regular Plan - Growth,2025,2,203.6918
SBI Small Cap Fund - Regular Plan - Growth,2025,3,204.0632
SBI Small Cap Fund - Regular Plan - Growth,2025,4,185.9621
SBI Small Cap Fund - Regular Plan - Growth,2025,5,167.1197
SBI Small Cap Fund - Regular Plan - Growth,2025,6,173.1753
SBI Small Cap Fund - Regular Plan - Growth,2025,7,188.7605
SBI Small Cap Fund - Regular Plan - Growth,2025,8,196.976
SBI Small Cap Fund - Regular Plan - Growth,2025,9,215.6403
SBI Small Cap Fund - Regular Plan - Growth,2025,10,224.5374
SBI Small Cap Fund - Regular Plan - Growth,2025,11,230.9481
SBI Small Cap Fund - Regular Plan - Growth,2025,12,248.7345
SBI Small Cap Fund - Regular Plan - Growth,2026,1,260.8575
SBI Small Cap Fund - Regular Plan - Growth,2026,2,244.388
SBI Small Cap Fund - Regular Plan - Growth,2026,3,263.0337
SBI Small Cap Fund - Regular Plan - Growth,2026,4,278.0965
SBI Small Cap Fund - Regular Plan - Growth,2026,5,310.1831
UTI Flexi Cap Fund - Regular - Growth,2022,1,183.2877
UTI Flexi Cap Fund - Regular - Growth,2022,2,176.8581
UTI Flexi Cap Fund - Regular - Growth,2022,3,174.733
UTI Flexi Cap Fund - Regular - Growth,2022,4,171.0344
UTI Flexi Cap Fund - Regular - Growth,2022,5,170.2868
UTI Flexi Cap Fund - Regular - Growth,2022,6,157.8872
UTI Flexi Cap Fund - Regular - Growth,2022,7,159.2107
UTI Flexi Cap Fund - Regular - Growth,2022,8,155.3207
UTI Flexi Cap Fund - Regular - Growth,2022,9,156.6924
UTI Flexi Cap Fund - Regular - Growth,2022,10,165.1929
UTI Flexi Cap Fund - Regular - Growth,2022,11,173.2018
UTI Flexi Cap Fund - Regular - Growth,2022,12,175.9201
UTI Flexi Cap Fund - Regular - Growth,2023,1,171.3094
UTI Flexi Cap Fund - Regular - Growth,2023,2,176.9976
UTI Flexi Cap Fund - Regular - Growth,2023,3,191.083
UTI Flexi Cap Fund - Regular - Growth,2023,4,196.6409
UTI Flexi Cap Fund - Regular - Growth,2023,5,194.7522
UTI Flexi Cap Fund - Regular - Growth,2023,6,191.2048
UTI Flexi Cap Fund - Regular - Growth,2023,7,187.7618
UTI Flexi Cap Fund - Regular - Growth,2023,8,189.1068
UTI Flexi Cap Fund - Regular - Growth,2023,9,179.3102
UTI Flexi Cap Fund - Regular - Growth,2023,10,182.3278
UTI Flexi Cap Fund - Regular - Growth,2023,11,180.9977
UTI Flexi Cap Fund - Regular - Growth,2023,12,184.0989
UTI Flexi Cap Fund - Regular - Growth,2024,1,194.6305
UTI Flexi Cap Fund - Regular - Growth,2024,2,213.4289
UTI Flexi Cap Fund - Regular - Growth,2024,3,228.2189
UTI Flexi Cap Fund - Regular - Growth,2024,4,222.5713
UTI Flexi Cap Fund - Regular - Growth,2024,5,236.1161
UTI Flexi Cap Fund - Regular - Growth,2024,6,238.0435
UTI Flexi Cap Fund - Regular - Growth,2024,7,246.0552
UTI Flexi Cap Fund - Regular - Growth,2024,8,232.2169
UTI Flexi Cap Fund - Regular - Growth,2024,9,257.2304
UTI Flexi Cap Fund - Regular - Growth,2024,10,254.3716
UTI Flexi Cap Fund - Regular - Growth,2024,11,264.6618
UTI Flexi Cap Fund - Regular - Growth,2024,12,267.4887
UTI Flexi Cap Fund - Regular - Growth,2025,1,288.8198
UTI Flexi Cap Fund - Regular - Growth,2025,2,295.5491
UTI Flexi Cap Fund - Regular - Growth,2025,3,307.3751
UTI Flexi Cap Fund - Regular - Growth,2025,4,311.5626
UTI Flexi Cap Fund - Regular - Growth,2025,5,329.8352
UTI Flexi Cap Fund - Regular - Growth,2025,6,344.2021
UTI Flexi Cap Fund - Regular - Growth,2025,7,358.2888
UTI Flexi Cap Fund - Regular - Growth,2025,8,390.2625
UTI Flexi Cap Fund - Regular - Growth,2025,9,409.572
UTI Flexi Cap Fund - Regular - Growth,2025,10,400.8557
UTI Flexi Cap Fund - Regular - Growth,2025,11,399.7479
UTI Flexi Cap Fund - Regular - Growth,2025,12,392.5102
UTI Flexi Cap Fund - Regular - Growth,2026,1,391.5158
UTI Flexi Cap Fund - Regular - Growth,2026,2,393.4205
UTI Flexi Cap Fund - Regular - Growth,2026,3,372.8821
UTI Flexi Cap Fund - Regular - Growth,2026,4,375.8908
UTI Flexi Cap Fund - Regular - Growth,2026,5,366.5424
UTI Mid Cap Fund - Regular - Growth,2022,1,122.6575
UTI Mid Cap Fund - Regular - Growth,2022,2,128.642
UTI Mid Cap Fund - Regular - Growth,2022,3,132.3212
UTI Mid Cap Fund - Regular - Growth,2022,4,128.4462
UTI Mid Cap Fund - Regular - Growth,2022,5,127.4386
UTI Mid Cap Fund - Regular - Growth,2022,6,130.1105
UTI Mid Cap Fund - Regular - Growth,2022,7,130.371
UTI Mid Cap Fund - Regular - Growth,2022,8,122.8558
UTI Mid Cap Fund - Regular - Growth,2022,9,122.2384
UTI Mid Cap Fund - Regular - Growth,2022,10,123.2608
UTI Mid Cap Fund - Regular - Growth,2022,11,122.4045
UTI Mid Cap Fund - Regular - Growth,2022,12,117.393
UTI Mid Cap Fund - Regular - Growth,2023,1,119.9509
UTI Mid Cap Fund - Regular - Growth,2023,2,127.7916
UTI Mid Cap Fund - Regular - Growth,2023,3,125.109
UTI Mid Cap Fund - Regular - Growth,2023,4,127.4881
UTI Mid Cap Fund - Regular - Growth,2023,5,124.606
UTI Mid Cap Fund - Regular - Growth,2023,6,128.2899
UTI Mid Cap Fund - Regular - Growth,2023,7,129.0161
UTI Mid Cap Fund - Regular - Growth,2023,8,132.4284
UTI Mid Cap Fund - Regular - Growth,2023,9,131.2082
UTI Mid Cap Fund - Regular - Growth,2023,10,126.3864
UTI Mid Cap Fund - Regular - Growth,2023,11,121.2722
UTI Mid Cap Fund - Regular - Growth,2023,12,127.3024
UTI Mid Cap Fund - Regular - Growth,2024,1,131.0892
UTI Mid Cap Fund - Regular - Growth,2024,2,134.1454
UTI Mid Cap Fund - Regular - Growth,2024,3,145.6971
UTI Mid Cap Fund - Regular - Growth,2024,4,144.7906
UTI Mid Cap Fund - Regular - Growth,2024,5,141.2634
UTI Mid Cap Fund - Regular - Growth,2024,6,142.2037
UTI Mid Cap Fund - Regular - Growth,2024,7,145.1206
UTI Mid Cap Fund - Regular - Growth,2024,8,149.5363
UTI Mid Cap Fund - Regular - Growth,2024,9,161.1352
UTI Mid Cap Fund - Regular - Growth,2024,10,155.1245
UTI Mid Cap Fund - Regular - Growth,2024,11,157.5242
UTI Mid Cap Fund - Regular - Growth,2024,12,159.8479
UTI Mid Cap Fund - Regular - Growth,2025,1,164.3077
UTI Mid Cap Fund - Regular - Growth,2025,2,156.7286
UTI Mid Cap Fund - Regular - Growth,2025,3,150.1892
UTI Mid Cap Fund - Regular - Growth,2025,4,157.6699
UTI Mid Cap Fund - Regular - Growth,2025,5,154.0088
UTI Mid Cap Fund - Regular - Growth,2025,6,149.1196
UTI Mid Cap Fund - Regular - Growth,2025,7,157.2858
UTI Mid Cap Fund - Regular - Growth,2025,8,148.5028
UTI Mid Cap Fund - Regular - Growth,2025,9,149.6565
UTI Mid Cap Fund - Regular - Growth,2025,10,143.2966
UTI Mid Cap Fund - Regular - Growth,2025,11,126.3694
UTI Mid Cap Fund - Regular - Growth,2025,12,135.659
UTI Mid Cap Fund - Regular - Growth,2026,1,142.3296
UTI Mid Cap Fund - Regular - Growth,2026,2,137.8338
UTI Mid Cap Fund - Regular - Growth,2026,3,142.2243
UTI Mid Cap Fund - Regular - Growth,2026,4,127.2766
UTI Mid Cap Fund - Regular - Growth,2026,5,125.4308
UTI Nifty 50 Index Fund - Regular - Growth,2022,1,91.1532
UTI Nifty 50 Index Fund - Regular - Growth,2022,2,92.2043
UTI Nifty 50 Index Fund - Regular - Growth,2022,3,85.7337
UTI Nifty 50 Index Fund - Regular - Growth,2022,4,88.5306
UTI Nifty 50 Index Fund - Regular - Growth,2022,5,92.8828
UTI Nifty 50 Index Fund - Regular - Growth,2022,6,92.5778
UTI Nifty 50 Index Fund - Regular - Growth,2022,7,91.4859
UTI Nifty 50 Index Fund - Regular - Growth,2022,8,93.7786
UTI Nifty 50 Index Fund - Regular - Growth,2022,9,94.8104
UTI Nifty 50 Index Fund - Regular - Growth,2022,10,95.0373
UTI Nifty 50 Index Fund - Regular - Growth,2022,11,103.8631
UTI Nifty 50 Index Fund - Regular - Growth,2022,12,102.0367
UTI Nifty 50 Index Fund - Regular - Growth,2023,1,101.5843
UTI Nifty 50 Index Fund - Regular - Growth,2023,2,102.1659
UTI Nifty 50 Index Fund - Regular - Growth,2023,3,104.0371
UTI Nifty 50 Index Fund - Regular - Growth,2023,4,105.3656
UTI Nifty 50 Index Fund - Regular - Growth,2023,5,106.8695
UTI Nifty 50 Index Fund - Regular - Growth,2023,6,112.095
UTI Nifty 50 Index Fund - Regular - Growth,2023,7,113.5247
UTI Nifty 50 Index Fund - Regular - Growth,2023,8,113.7903
UTI Nifty 50 Index Fund - Regular - Growth,2023,9,117.9405
UTI Nifty 50 Index Fund - Regular - Growth,2023,10,120.8903
UTI Nifty 50 Index Fund - Regular - Growth,2023,11,124.488
UTI Nifty 50 Index Fund - Regular - Growth,2023,12,129.0667
UTI Nifty 50 Index Fund - Regular - Growth,2024,1,130.1599
UTI Nifty 50 Index Fund - Regular - Growth,2024,2,130.4431
UTI Nifty 50 Index Fund - Regular - Growth,2024,3,130.5593
UTI Nifty 50 Index Fund - Regular - Growth,2024,4,127.9558
UTI Nifty 50 Index Fund - Regular - Growth,2024,5,128.9203
UTI Nifty 50 Index Fund - Regular - Growth,2024,6,127.4797
UTI Nifty 50 Index Fund - Regular - Growth,2024,7,124.6709
UTI Nifty 50 Index Fund - Regular - Growth,2024,8,125.3815
UTI Nifty 50 Index Fund - Regular - Growth,2024,9,127.0389
UTI Nifty 50 Index Fund - Regular - Growth,2024,10,132.3141
UTI Nifty 50 Index Fund - Regular - Growth,2024,11,129.5195
UTI Nifty 50 Index Fund - Regular - Growth,2024,12,130.4311
UTI Nifty 50 Index Fund - Regular - Growth,2025,1,141.2139
UTI Nifty 50 Index Fund - Regular - Growth,2025,2,141.5923
UTI Nifty 50 Index Fund - Regular - Growth,2025,3,146.3637
UTI Nifty 50 Index Fund - Regular - Growth,2025,4,153.974
UTI Nifty 50 Index Fund - Regular - Growth,2025,5,155.5519
UTI Nifty 50 Index Fund - Regular - Growth,2025,6,159.0218
UTI Nifty 50 Index Fund - Regular - Growth,2025,7,159.247
UTI Nifty 50 Index Fund - Regular - Growth,2025,8,158.0943
UTI Nifty 50 Index Fund - Regular - Growth,2025,9,164.7569
UTI Nifty 50 Index Fund - Regular - Growth,2025,10,163.5283
UTI Nifty 50 Index Fund - Regular - Growth,2025,11,169.5323
UTI Nifty 50 Index Fund - Regular - Growth,2025,12,173.5582
UTI Nifty 50 Index Fund - Regular - Growth,2026,1,177.5731
UTI Nifty 50 Index Fund - Regular - Growth,2026,2,181.2175
UTI Nifty 50 Index Fund - Regular - Growth,2026,3,180.5722
UTI Nifty 50 Index Fund - Regular - Growth,2026,4,179.8859
UTI Nifty 50 Index Fund - Regular - Growth,2026,5,184.5057
